HS 1996;HS 1992
10111;10111
10119;10119
10120;10120
10210;10210
10290;10290
10310;10310
10391;10391
10392;10392
10410;10410
10420;10420
10511;10511
10512;10519
10519;10519
10592;10591
10593;10591
10599;10599
10600;10600
20110;20110
20120;20120
20130;20130
20210;20210
20220;20220
20230;20230
20311;20311
20312;20312
20319;20319
20321;20321
20322;20322
20329;20329
20410;20410
20421;20421
20422;20422
20423;20423
20430;20430
20441;20441
20442;20442
20443;20443
20450;20450
20500;20500
20610;20610
20621;20621
20622;20622
20629;20629
20630;20630
20641;20641
20649;20649
20680;20680
20690;20690
20711;20710
20712;20721
20713;20739
20714;20741
20714;20750
20724;20710
20725;20722
20726;20739
20727;20742
20727;20750
20732;20710
20733;20723
20734;20731
20735;20739
20736;20743
20736;20750
20810;20810
20820;20820
20890;20890
20900;20900
21011;21011
21012;21012
21019;21019
21020;21020
21090;21090
30110;30110
30191;30191
30191;30199
30192;30192
30193;30193
30199;30199
30211;30211
30211;30219
30212;30212
30219;30219
30221;30221
30222;30222
30223;30223
30229;30229
30231;30231
30232;30232
30233;30233
30239;30239
30240;30240
30250;30250
30261;30261
30262;30262
30263;30263
30264;30264
30265;30265
30266;30266
30269;30269
30270;30270
30310;30310
30321;30321
30321;30329
30322;30322
30329;30329
30331;30331
30332;30332
30333;30333
30339;30339
30341;30341
30342;30342
30343;30343
30349;30349
30350;30350
30360;30360
30371;30371
30372;30372
30373;30373
30374;30374
30375;30375
30376;30376
30377;30377
30378;30378
30379;30379
30380;30380
30410;30410
30420;30420
30490;30490
30510;30510
30520;30520
30530;30530
30541;30541
30542;30542
30549;30549
30551;30551
30559;30559
30561;30561
30562;30562
30563;30563
30569;30569
30611;30611
30612;30612
30613;30613
30614;30614
30619;30619
30621;30621
30622;30622
30623;30623
30624;30624
30629;30629
30710;30710
30721;30721
30729;30729
30731;30731
30739;30739
30741;30741
30749;30749
30751;30751
30759;30759
30760;30760
30791;30791
30799;30799
40110;40110
40120;40120
40130;40130
40210;40210
40221;40221
40229;40229
40291;40291
40299;40299
40310;40310
40390;40390
40410;40410
40490;40490
40510;40500
40520;40500
40520;210690
40590;40500
40610;40610
40620;40620
40630;40630
40640;40640
40690;40690
40700;40700
40811;40811
40819;40819
40891;40891
40899;40899
40900;40900
41000;41000
50100;50100
50210;50210
50290;50290
50300;50300
50400;50400
50510;50510
50590;50590
50610;50610
50690;50690
50710;50710
50790;50790
50800;50800
50900;50900
51000;51000
51110;51110
51191;51191
51199;51199
60110;60110
60120;60120
60210;60210
60220;60220
60230;60230
60240;60240
60290;60291
60290;60299
60310;60310
60390;60390
60410;60410
60491;60491
60499;60499
70110;70110
70190;70190
70200;70200
70310;70310
70320;70320
70390;70390
70410;70410
70420;70420
70490;70490
70511;70511
70519;70519
70521;70521
70529;70529
70610;70610
70690;70690
70700;70700
70810;70810
70820;70820
70890;70890
70910;70910
70920;70920
70930;70930
70940;70940
70951;70951
70952;70952
70960;70960
70970;70970
70990;70990
71010;71010
71021;71021
71022;71022
71029;71029
71030;71030
71040;71040
71080;71080
71090;71090
71110;71110
71120;71120
71130;71130
71140;71140
71190;71190
71220;71220
71230;71230
71290;71210
71290;71290
71310;71310
71320;71320
71331;71331
71332;71332
71333;71333
71339;71339
71340;71340
71350;71350
71390;71390
71410;71410
71410;200899
71420;71420
71420;200899
71490;71490
71490;200899
80111;80110
80119;80110
80121;80120
80122;80120
80131;80130
80132;80130
80211;80211
80212;80212
80221;80221
80222;80222
80231;80231
80232;80232
80240;80240
80250;80250
80290;80290
80300;80300
80410;80410
80420;80420
80430;80430
80440;80440
80450;80450
80510;80510
80520;80520
80530;80530
80540;80540
80590;80590
80610;80610
80620;80620
80711;80710
80719;80710
80720;80720
80810;80810
80820;80820
80910;80910
80920;80920
80930;80930
80940;80940
81010;81010
81020;81020
81030;81030
81040;81040
81050;81090
81090;81090
81110;81110
81120;81120
81190;81190
81210;81210
81220;81220
81290;81290
81310;81310
81320;81320
81330;81330
81340;81340
81350;81350
81400;81400
90111;90111
90112;90112
90121;90121
90122;90122
90190;90130
90190;90140
90210;90210
90220;90220
90230;90230
90240;90240
90300;90300
90411;90411
90412;90412
90420;90420
90500;90500
90610;90610
90620;90620
90700;90700
90810;90810
90820;90820
90830;90830
90910;90910
90920;90920
90930;90930
90940;90940
90950;90950
91010;91010
91020;91020
91030;91030
91040;91040
91050;91050
91091;91091
91099;91099
100110;100110
100190;100190
100200;100200
100300;100300
100400;100400
100510;100510
100590;100590
100610;100610
100620;100620
100630;100630
100640;100640
100700;100700
100810;100810
100820;100820
100830;100830
100890;100890
110100;110100
110210;110210
110220;110220
110230;110230
110290;110290
110311;110311
110312;110312
110313;110313
110314;110314
110319;110319
110321;110321
110329;110329
110411;110411
110412;110412
110419;110419
110421;110421
110422;110422
110423;110423
110429;110429
110430;110430
110510;110510
110520;110520
110610;110610
110620;110620
110630;110630
110710;110710
110720;110720
110811;110811
110812;110812
110813;110813
110814;110814
110819;110819
110820;110820
110900;110900
120100;120100
120210;120210
120220;120220
120300;120300
120400;120400
120500;120500
120600;120600
120710;120710
120720;120720
120730;120730
120740;120740
120750;120750
120760;120760
120791;120791
120792;120792
120799;120799
120810;120810
120890;120890
120911;120911
120919;120919
120921;120921
120922;120922
120923;120923
120924;120924
120925;120925
120926;120926
120929;120929
120930;120930
120991;120991
120999;120999
121010;121010
121020;121020
121110;121110
121120;121120
121190;121190
121210;121210
121220;121220
121220;200899
121230;121230
121291;121291
121292;121292
121299;121299
121300;121300
121410;121410
121490;121490
130110;130110
130120;130120
130190;130190
130211;130211
130212;130212
130213;130213
130214;130214
130219;130219
130219;330190
130220;130220
130231;130231
130232;130232
130239;130239
140110;140110
140120;140120
140190;140190
140210;140210
140290;140291
140290;140299
140310;140310
140390;140390
140410;140410
140420;140420
140490;140490
150100;150100
150200;150200
150300;150300
150410;150410
150420;150420
150430;150430
150510;150510
150590;150590
150600;150600
150710;150710
150790;150790
150810;150810
150890;150890
150910;150910
150990;150990
151000;151000
151110;151110
151190;151190
151211;151211
151219;151219
151221;151221
151229;151229
151311;151311
151319;151319
151321;151321
151329;151329
151410;151410
151490;151490
151511;151511
151519;151519
151521;151521
151529;151529
151530;151530
151540;151540
151550;151550
151560;151560
151590;151590
151610;151610
151620;151620
151710;151710
151790;151790
151800;151800
152000;152010
152110;152110
152190;152190
152200;152200
160100;160100
160210;160210
160220;160220
160231;160231
160232;160239
160239;160239
160241;160241
160242;160242
160249;160249
160250;160250
160290;160290
160300;160300
160411;160411
160412;160412
160413;160413
160414;160414
160415;160415
160416;160416
160419;160419
160420;160420
160430;160430
160510;160510
160520;160520
160530;160530
160540;160540
160590;160590
170111;170111
170112;170112
170191;170191
170199;170199
170211;170210
170219;170210
170220;170220
170230;170230
170240;170240
170250;170250
170260;170260
170290;170290
170310;170310
170390;170390
170410;170410
170490;170490
180100;180100
180200;180200
180310;180310
180320;180320
180400;180400
180500;180500
180610;180610
180620;180620
180631;180631
180632;180632
180690;180690
180690;190110
180690;190120
180690;190190
180690;190410
180690;190490
190110;190110
190120;190120
190190;190190
190211;190211
190219;190219
190220;190220
190230;190230
190240;190240
190300;190300
190410;190410
190420;190410
190420;200892
190490;190490
190510;190510
190520;190520
190530;190530
190540;190540
190590;190590
200110;200110
200120;200120
200190;200190
200210;200210
200290;200290
200310;200310
200320;200320
200410;200410
200490;200490
200510;200510
200520;200520
200540;200540
200551;200551
200559;200559
200560;200560
200570;200570
200580;200580
200590;200530
200590;200590
200600;200490
200600;200540
200600;200551
200600;200559
200600;200560
200600;200570
200600;200580
200600;200590
200600;200600
200710;200710
200791;200791
200799;200799
200811;200811
200819;200819
200820;200820
200830;200830
200840;200840
200850;200850
200860;200860
200870;200870
200880;200880
200891;200891
200892;200892
200899;200899
200911;200911
200919;200919
200920;200920
200930;200930
200940;200940
200950;200950
200960;200960
200970;200970
200980;200980
200990;200990
210111;210110
210112;210110
210120;210120
210130;210130
210210;210210
210220;210220
210230;210230
210310;210310
210320;210320
210330;210330
210390;210390
210410;210410
210420;210420
210500;210500
210610;210610
210690;210690
210690;220810
220110;220110
220190;220190
220210;220210
220290;220290
220300;220300
220410;220410
220421;220421
220429;220429
220430;220430
220510;220510
220590;220590
220600;220600
220710;220710
220720;220720
220820;220820
220830;220830
220840;220840
220850;220850
220860;220890
220870;220890
220890;220890
220900;220900
230110;230110
230120;230120
230210;230210
230220;230220
230230;230230
230240;230240
230250;230250
230310;230310
230320;230320
230330;230330
230400;230400
230500;230500
230610;230610
230620;230620
230630;230630
230640;230640
230650;230650
230660;230660
230670;230690
230690;230690
230700;230700
230810;230810
230890;230890
230910;230910
230990;230990
240110;240110
240120;240120
240130;240130
240210;240210
240220;240220
240290;240290
240310;240310
240391;240391
240399;240399
250100;250100
250200;250200
250300;250310
250300;250390
250410;250410
250490;250490
250510;250510
250590;250590
250610;250610
250621;250621
250629;250629
250700;250700
250810;250810
250820;250820
250830;250830
250840;250840
250850;250850
250860;250860
250870;250870
250900;250900
251010;251010
251020;251020
251110;251110
251120;251120
251200;251200
251311;251311
251319;251319
251320;251321
251320;251329
251400;251400
251511;251511
251512;251512
251520;251520
251611;251611
251612;251612
251621;251621
251622;251622
251690;251690
251710;251710
251720;251720
251730;251730
251741;251741
251749;251749
251810;251810
251820;251820
251830;251830
251910;251910
251990;251990
252010;252010
252020;252020
252100;252100
252210;252210
252220;252220
252230;252230
252310;252310
252321;252321
252329;252329
252330;252330
252390;252390
252400;252400
252510;252510
252520;252520
252530;252530
252610;252610
252620;252620
252700;252700
252810;252810
252890;252890
252910;252910
252921;252921
252922;252922
252930;252930
253010;253010
253020;253020
253040;253040
253090;253030
253090;253090
260111;260111
260112;260112
260120;260120
260200;260200
260300;260300
260400;260400
260500;260500
260600;260600
260700;260700
260800;260800
260900;260900
261000;261000
261100;261100
261210;261210
261220;261220
261310;261310
261390;261390
261400;261400
261510;261510
261590;261590
261610;261610
261690;261690
261710;261710
261790;261790
261800;261800
261900;261900
262011;262011
262019;262019
262020;262020
262030;262030
262040;262040
262050;262050
262090;262090
262100;262100
270111;270111
270112;270112
270119;270119
270120;270120
270210;270210
270220;270220
270300;270300
270400;270400
270500;270500
270600;270600
270710;270710
270720;270720
270730;270730
270740;270740
270750;270750
270760;270760
270791;270791
270799;270799
270810;270810
270820;270820
270900;270900
271000;271000
271111;271111
271112;271112
271113;271113
271114;271114
271119;271119
271121;271121
271129;271129
271210;271210
271220;271220
271290;271290
271311;271311
271312;271312
271320;271320
271390;271390
271410;271410
271490;271490
271500;271500
271600;271600
280110;280110
280120;280120
280130;280130
280200;280200
280300;280300
280410;280410
280421;280421
280429;280429
280430;280430
280440;280440
280450;280450
280461;280461
280469;280469
280470;280470
280480;280480
280490;280490
280511;280511
280519;280519
280521;280521
280522;280522
280530;280530
280540;280540
280610;280610
280620;280620
280700;280700
280800;280800
280910;280910
280920;280920
281000;281000
281111;281111
281119;281119
281121;281121
281122;281122
281123;281123
281129;281129
281210;281210
281290;281290
281310;281310
281390;281390
281410;281410
281420;281420
281511;281511
281512;281512
281520;281520
281530;281530
281610;281610
281620;281620
281630;281630
281700;281700
281810;281810
281820;281820
281830;281830
281910;281910
281990;281990
282010;282010
282090;282090
282110;282110
282120;282120
282200;282200
282300;282300
282410;282410
282420;282420
282490;282490
282510;282510
282520;282520
282530;282530
282540;282540
282550;282550
282560;282560
282570;282570
282580;282580
282590;282590
282611;282611
282612;282612
282619;282619
282620;282620
282630;282630
282690;282690
282710;282710
282720;282720
282731;282731
282732;282732
282733;282733
282734;282734
282735;282735
282736;282736
282738;282738
282739;282737
282739;282739
282741;282741
282749;282749
282751;282751
282759;282759
282760;282760
282810;282810
282890;282890
282911;282911
282919;282919
282990;282990
283010;283010
283020;283020
283030;283030
283090;283090
283110;283110
283190;283190
283210;283210
283220;283220
283230;283230
283311;283311
283319;283319
283321;283321
283322;283322
283323;283323
283324;283324
283325;283325
283326;283326
283327;283327
283329;283329
283330;283330
283340;283340
283410;283410
283421;283421
283422;283422
283429;283429
283510;283510
283522;283522
283523;283523
283524;283524
283525;283525
283526;283526
283529;283521
283529;283529
283531;283531
283539;283539
283610;283610
283620;283620
283630;283630
283640;283640
283650;283650
283660;283660
283670;283670
283691;283691
283692;283692
283699;283693
283699;283699
283711;283711
283719;283719
283720;283720
283800;283800
283911;283911
283919;283919
283920;283920
283990;283990
284011;284011
284019;284019
284020;284020
284030;284030
284110;284110
284120;284120
284130;284130
284140;284140
284150;284150
284161;284160
284169;284160
284170;284170
284180;284180
284190;284190
284210;284210
284290;284290
284310;284310
284321;284321
284329;284329
284330;284330
284390;284390
284410;284410
284420;284420
284430;284430
284440;284440
284450;284450
284510;284510
284590;284590
284610;284610
284690;284690
284700;284700
284800;284810
284800;284890
284910;284910
284920;284920
284990;284990
285000;285000
285100;285100
290110;290110
290121;290121
290122;290122
290123;290123
290124;290124
290129;290129
290211;290211
290219;290219
290220;290220
290230;290230
290241;290241
290242;290242
290243;290243
290244;290244
290250;290250
290260;290260
290270;290270
290290;290290
290311;290311
290312;290312
290313;290313
290314;290314
290315;290315
290316;290316
290319;290319
290321;290321
290322;290322
290323;290323
290329;290329
290330;290330
290341;290340
290342;290340
290343;290340
290344;290340
290345;290340
290346;290340
290347;290340
290349;290340
290351;290351
290359;290359
290361;290361
290362;290362
290369;290369
290410;290410
290420;290420
290490;290490
290511;290511
290512;290512
290513;290513
290514;290514
290515;290515
290516;290516
290517;290517
290519;290519
290522;290522
290529;290521
290529;290529
290531;290531
290532;290532
290539;290539
290541;290541
290542;290542
290543;290543
290544;290544
290545;152090
290549;290490
290549;290549
290550;290550
290611;290611
290612;290612
290613;290613
290614;290614
290619;290619
290621;290621
290629;290629
290711;290711
290712;290712
290713;290713
290714;290714
290715;290715
290719;290719
290721;290721
290722;290722
290723;290723
290729;290729
290730;290730
290810;290810
290820;290820
290890;290890
290911;290911
290919;290919
290920;290920
290930;290930
290941;290941
290942;290942
290943;290943
290944;290944
290949;290949
290950;290950
290960;290960
291010;291010
291020;291020
291030;291030
291090;291090
291100;291100
291211;291211
291212;291212
291213;291213
291219;291219
291221;291221
291229;291229
291230;291230
291241;291241
291242;291242
291249;291249
291250;291250
291260;291260
291300;291300
291411;291411
291412;291412
291413;291413
291419;291419
291421;291421
291422;291422
291423;291423
291429;291429
291431;291430
291439;291430
291440;291441
291440;291449
291450;291450
291461;291461
291469;291469
291470;291470
291511;291511
291512;291512
291513;291513
291521;291521
291522;291522
291523;291523
291524;291524
291529;291529
291531;291531
291532;291532
291533;291533
291534;291534
291535;291535
291539;291539
291540;291540
291550;291550
291560;291560
291570;291570
291590;291590
291611;291611
291612;291612
291613;291613
291614;291614
291615;291615
291619;291619
291620;291620
291631;291631
291632;291632
291634;291633
291635;291633
291639;291639
291711;291711
291712;291712
291713;291713
291714;291714
291719;291719
291720;291720
291731;291731
291732;291732
291733;291733
291734;291734
291735;291735
291736;291736
291737;291737
291739;291739
291811;291811
291812;291812
291813;291813
291814;291814
291815;291815
291816;291816
291817;291817
291819;291819
291821;291821
291822;291822
291823;291823
291829;291829
291830;291830
291890;291890
291900;291900
292010;292010
292090;292090
292111;292111
292112;292112
292119;292119
292121;292121
292122;292122
292129;292129
292130;292130
292141;292141
292142;292142
292143;292143
292144;292144
292145;292145
292149;292149
292151;292151
292159;292159
292211;292211
292212;292212
292213;292213
292219;292219
292221;292221
292222;292222
292229;292229
292230;292230
292241;292241
292242;292242
292243;292249
292249;292249
292250;292250
292310;292310
292320;292320
292390;292390
292410;292410
292421;292421
292422;292429
292429;292429
292511;292511
292519;292519
292520;292520
292610;292610
292620;292620
292690;292690
292700;292700
292800;292800
292910;292910
292990;292990
293010;293010
293020;293020
293030;293030
293040;293040
293090;293090
293100;293100
293211;293211
293212;293212
293213;293213
293219;293219
293221;293221
293229;293229
293291;293290
293292;293290
293293;293290
293294;293290
293299;293290
293311;293311
293319;293319
293321;293321
293329;293329
293331;293331
293332;293339
293339;293339
293340;293340
293351;293351
293359;293359
293361;293361
293369;293369
293371;293371
293379;293379
293390;293390
293410;293410
293420;293420
293430;293430
293490;293359
293490;293490
293500;293500
293610;293610
293621;293621
293622;293622
293623;293623
293624;293624
293625;293625
293626;293626
293627;293627
293628;293628
293629;293629
293690;293690
293710;293710
293721;293721
293722;293722
293729;293729
293791;293791
293792;293792
293799;293799
293810;293810
293890;293890
293910;293910
293921;293921
293929;293929
293930;293930
293941;293940
293942;293940
293949;293940
293950;293950
293961;293960
293962;293960
293963;293960
293969;293960
293970;293970
293990;293990
294000;294000
294110;294110
294120;294120
294130;294130
294140;294140
294150;294150
294190;294190
294200;294200
300110;300110
300120;300120
300190;300190
300210;300210
300220;300220
300230;300231
300230;300239
300290;300290
300310;300310
300320;300320
300331;300331
300339;300339
300340;300340
300390;300390
300410;300410
300420;300420
300431;300431
300432;300432
300439;300439
300440;300440
300450;300450
300490;300490
300510;300510
300590;300590
300610;300610
300620;300620
300630;300630
300640;300640
300650;300650
300660;300660
310100;310100
310210;310210
310221;310221
310229;310229
310230;310230
310240;310240
310250;310250
310260;310260
310270;310270
310280;310280
310290;310290
310310;310310
310320;310320
310390;310390
310410;310410
310420;310420
310430;310430
310490;310490
310510;310510
310520;310520
310530;310530
310540;310540
310551;310551
310559;310559
310560;310560
310590;310590
320110;320110
320120;320120
320190;320130
320190;320190
320210;320210
320290;320290
320300;320300
320411;320411
320412;320412
320413;320413
320414;320414
320415;320415
320416;320416
320417;320417
320419;320419
320420;320420
320490;320490
320500;320500
320611;320610
320619;320610
320620;320620
320630;320630
320641;320641
320642;320642
320643;320643
320649;320649
320650;320650
320710;320710
320720;320720
320730;320730
320740;320740
320810;320810
320820;320820
320890;320890
320910;320910
320990;320990
321000;321000
321100;321100
321210;321210
321290;321290
321310;321310
321390;321390
321410;321410
321490;321490
321511;321511
321519;321519
321590;321590
330111;330111
330112;330112
330113;330113
330114;330114
330119;330119
330121;330121
330122;330122
330123;330123
330124;330124
330125;330125
330126;330126
330129;330129
330130;330130
330190;130211
330190;130212
330190;130213
330190;130214
330190;130219
330190;330190
330210;210690
330210;220810
330210;330210
330290;330290
330300;330300
330410;330410
330420;330420
330430;330430
330491;330491
330499;330499
330510;330510
330520;330520
330530;330530
330590;330590
330610;330610
330620;540210
330620;540232
330620;540241
330690;330690
330710;330710
330720;330720
330730;330730
330741;330741
330749;330749
330790;330790
340111;340111
340119;340119
340120;340120
340211;340211
340212;340212
340213;340213
340219;340219
340220;340220
340290;340290
340311;340311
340319;340319
340391;340391
340399;340399
340410;340410
340420;340420
340490;340490
340510;340510
340520;340520
340530;340530
340540;340540
340590;340590
340600;340600
340700;340700
350110;350110
350190;350190
350211;350210
350219;350210
350220;350290
350290;350290
350300;350300
350400;350400
350510;350510
350520;350520
350610;350610
350691;350691
350699;350699
350710;350710
350790;350790
360100;360100
360200;360200
360300;360300
360410;360410
360490;360490
360500;360500
360610;360610
360690;360690
370110;370110
370120;370120
370130;370130
370191;370191
370199;370199
370210;370210
370220;370220
370231;370231
370232;370232
370239;370239
370241;370241
370242;370242
370243;370243
370244;370244
370251;370251
370252;370252
370253;370253
370254;370254
370255;370255
370256;370256
370291;370291
370292;370292
370293;370293
370294;370294
370295;370295
370310;370310
370320;370320
370390;370390
370400;370400
370510;370510
370520;370520
370590;370590
370610;370610
370690;370690
370710;370710
370790;370790
380110;380110
380120;380120
380130;380130
380190;380190
380210;380210
380290;380290
380300;380300
380400;380400
380510;380510
380520;380520
380590;380590
380610;380610
380620;380620
380620;380690
380630;380630
380690;380690
380700;380700
380810;380810
380820;380820
380830;380830
380840;380840
380890;380890
380910;380910
380991;380991
380992;380992
380993;380993
380993;380999
381010;381010
381090;381090
381111;381111
381119;381119
381121;381121
381129;381129
381190;381190
381210;381210
381220;381220
381230;381230
381300;381300
381400;381400
381511;381511
381512;381512
381519;381519
381590;381590
381600;381600
381710;381710
381720;381720
381800;381800
381900;381900
382000;382000
382100;382100
382200;382200
382200;392190
382200;392690
382200;481190
382200;482390
382311;151911
382312;151912
382313;151913
382319;151919
382319;151920
382370;151930
382410;382310
382420;382320
382430;382330
382440;382340
382450;382350
382460;382360
382471;382390
382479;382390
382490;382390
390110;390110
390120;390120
390130;390130
390190;390190
390210;390210
390220;390220
390230;390230
390290;390290
390311;390311
390319;390319
390320;390320
390330;390330
390390;390390
390410;390410
390421;390421
390422;390422
390430;390430
390440;390440
390450;390450
390461;390461
390469;390469
390490;390490
390512;390511
390519;390519
390521;390511
390529;390519
390530;390520
390591;390590
390599;390590
390610;390610
390690;390690
390710;390710
390720;390720
390730;390730
390740;390740
390750;390750
390760;390760
390791;390791
390799;390799
390810;390810
390890;390890
390910;390910
390920;390920
390930;390930
390940;390940
390950;390950
391000;391000
391110;391110
391190;391190
391211;391211
391212;391212
391220;391220
391231;391231
391239;391239
391290;391290
391310;391310
391390;391390
391400;391400
391510;391510
391520;391520
391530;391530
391590;391590
391610;391610
391620;391620
391690;391690
391710;391710
391721;391721
391722;391722
391723;391723
391729;391729
391731;391731
391732;391732
391733;391733
391739;391739
391740;391740
391810;391810
391890;391890
391910;391910
391990;391990
392010;392010
392020;392020
392030;392030
392041;392041
392042;392042
392051;392051
392059;392059
392061;392061
392062;392062
392063;392063
392069;392069
392071;392071
392072;392072
392073;392073
392079;392079
392091;392091
392092;392092
392093;392093
392094;392094
392099;392099
392111;392111
392112;392112
392113;392113
392114;392114
392119;392119
392190;392190
392210;392210
392220;392220
392290;392290
392310;392310
392321;392321
392329;392329
392330;392330
392340;392340
392350;392350
392390;392390
392410;392410
392490;392490
392510;392510
392520;392520
392530;392530
392590;392590
392610;392610
392620;392620
392630;392630
392640;392640
392690;392690
400110;400110
400121;400121
400122;400122
400129;400129
400130;400130
400211;400211
400219;400219
400220;400220
400231;400231
400239;400239
400241;400241
400249;400249
400251;400251
400259;400259
400260;400260
400270;400270
400280;400280
400291;400291
400299;400299
400300;400300
400400;400400
400510;400510
400520;400520
400591;400591
400599;400599
400610;400610
400690;400690
400700;400700
400811;400811
400819;400819
400821;400821
400829;400829
400910;400910
400920;400920
400930;400930
400940;400940
400950;400950
401011;401091
401011;401099
401012;401091
401012;401099
401013;401091
401013;401099
401019;401091
401019;401099
401021;401010
401022;401010
401023;401091
401023;401099
401024;401091
401024;401099
401029;401010
401029;401091
401029;401099
401110;401110
401120;401120
401130;401130
401140;401140
401150;401150
401191;401191
401199;401199
401210;401210
401220;401220
401290;401290
401310;401310
401320;401320
401390;401390
401410;401410
401490;401490
401511;401511
401519;401519
401590;401590
401610;401610
401691;401691
401692;401692
401693;401693
401694;401694
401695;401695
401699;401699
401700;401700
410110;410110
410121;410121
410122;410122
410129;410129
410130;410130
410140;410140
410210;410210
410221;410221
410229;410229
410310;410310
410320;410320
410390;410390
410410;410410
410421;410421
410422;410422
410429;410429
410431;410431
410439;410439
410511;410511
410512;410512
410519;410519
410520;410520
410611;410611
410612;410612
410619;410619
410620;410620
410710;410710
410721;410721
410729;410729
410790;410790
410800;410800
410900;410900
411000;411000
411100;411100
420100;420100
420211;420211
420212;420212
420219;420219
420221;420221
420222;420222
420229;420229
420231;420231
420232;420232
420239;420239
420291;420291
420292;420292
420299;420299
420310;420310
420321;420321
420329;420329
420330;420330
420340;420340
420400;420400
420500;420500
420610;420610
420690;420690
430110;430110
430120;430120
430130;430130
430140;430140
430150;430150
430160;430160
430170;430170
430180;430180
430190;430190
430211;430211
430212;430212
430213;430213
430219;430219
430220;430220
430230;430230
430310;430310
430390;430390
430400;430400
440110;440110
440121;440121
440122;440122
440130;440130
440200;440200
440310;440310
440320;440320
440341;440331
440349;440332
440349;440333
440349;440334
440349;440335
440349;440399
440391;440391
440392;440392
440399;440399
440410;440410
440420;440420
440500;440500
440610;440610
440690;440690
440710;440710
440724;440723
440725;440721
440726;440721
440729;440721
440729;440722
440729;440799
440791;440791
440792;440792
440799;440799
440810;440810
440831;440820
440831;440890
440839;440820
440839;440890
440890;440890
440910;440910
440920;440920
441011;441010
441019;441010
441090;441090
441111;441111
441119;441119
441121;441121
441129;441129
441131;441131
441139;441139
441191;441191
441199;441199
441213;441211
441213;441212
441214;441212
441219;441219
441222;441221
441222;441229
441223;441221
441229;441229
441292;441291
441292;441299
441293;441291
441299;441299
441300;441300
441400;441400
441510;441510
441520;441520
441520;442190
441600;441600
441700;441700
441810;441810
441820;441820
441830;441830
441840;441840
441850;441850
441890;441890
441900;441900
442010;442010
442090;442090
442110;442110
442190;442190
450110;450110
450190;450190
450200;450200
450310;450310
450390;450390
450410;450410
450490;450490
460110;460110
460120;460120
460191;460191
460199;460199
460210;460210
460290;460290
470100;470100
470200;470200
470311;470311
470319;470319
470321;470321
470329;470329
470411;470411
470419;470419
470421;470421
470429;470429
470500;470500
470610;470610
470620;470691
470620;470692
470620;470693
470691;470691
470692;470692
470693;470693
470710;470710
470720;470720
470730;470730
470790;470790
480100;480100
480100;480252
480100;480260
480210;480210
480220;480220
480230;480230
480240;480240
480251;480251
480252;480252
480253;480253
480260;480260
480300;480300
480411;480411
480419;480419
480421;480421
480429;480429
480431;480431
480439;480439
480441;480441
480442;480442
480449;480449
480451;480451
480452;480452
480459;480459
480510;480510
480521;480521
480522;480522
480523;480523
480529;480529
480530;480530
480540;480540
480550;480550
480560;480560
480570;480570
480580;480580
480610;480610
480620;480620
480630;480630
480640;480640
480710;480710
480790;480791
480790;480799
480810;480810
480820;480820
480830;480830
480890;480890
480910;480910
480920;480920
480990;480990
481011;481011
481012;481012
481021;481021
481029;481029
481031;481031
481032;481032
481039;481039
481091;481091
481099;481099
481110;481110
481121;481121
481129;481129
481131;481131
481139;481139
481140;481140
481190;481190
481200;481200
481310;481310
481320;481320
481390;481390
481410;481410
481420;481420
481430;481430
481490;481490
481500;481500
481610;481610
481620;481620
481630;481630
481690;481690
481710;481710
481720;481720
481730;481730
481810;481810
481820;481820
481830;481830
481840;481840
481850;481850
481890;481890
481910;481910
481920;481920
481930;481930
481940;481940
481950;481950
481960;481960
482010;482010
482020;482020
482030;482030
482040;482040
482050;482050
482090;482090
482110;482110
482190;482190
482210;482210
482290;482290
482311;482311
482319;482319
482320;482320
482340;482340
482351;482351
482359;482359
482360;482360
482370;482370
482390;482330
482390;482390
490110;490110
490191;490191
490199;490199
490210;490210
490290;490290
490300;490300
490400;490400
490510;490510
490591;490591
490599;490599
490600;490600
490700;490700
490810;490810
490890;490890
490900;490900
491000;491000
491110;491110
491191;491191
491199;491199
500100;500100
500200;500200
500310;500310
500390;500390
500400;500400
500500;500500
500600;500600
500710;500710
500720;500720
500790;500790
510111;510111
510119;510119
510121;510121
510129;510129
510130;510130
510210;510210
510220;510220
510310;510310
510320;510320
510330;510330
510400;510400
510510;510510
510521;510521
510529;510529
510530;510530
510540;510540
510610;510610
510620;510620
510710;510710
510720;510720
510810;510810
510820;510820
510910;510910
510990;510990
511000;511000
511111;511111
511119;511119
511120;511120
511130;511130
511190;511190
511211;511211
511219;511219
511220;511220
511230;511230
511290;511290
511300;511300
520100;520100
520210;520210
520291;520291
520299;520299
520300;520300
520411;520411
520419;520419
520420;520420
520511;520511
520512;520512
520513;520513
520514;520514
520515;520515
520521;520521
520522;520522
520523;520523
520524;520524
520526;520525
520527;520525
520528;520525
520531;520531
520532;520532
520533;520533
520534;520534
520535;520535
520541;520541
520542;520542
520543;520543
520544;520544
520546;520545
520547;520545
520548;520545
520611;520611
520612;520612
520613;520613
520614;520614
520615;520615
520621;520621
520622;520622
520623;520623
520624;520624
520625;520625
520631;520631
520632;520632
520633;520633
520634;520634
520635;520635
520641;520641
520642;520642
520643;520643
520644;520644
520645;520645
520710;520710
520790;520790
520811;520811
520812;520812
520813;520813
520819;520819
520821;520821
520822;520822
520823;520823
520829;520829
520831;520831
520832;520832
520833;520833
520839;520839
520841;520841
520842;520842
520843;520843
520849;520849
520851;520851
520852;520852
520853;520853
520859;520859
520911;520911
520912;520912
520919;520919
520921;520921
520922;520922
520929;520929
520931;520931
520932;520932
520939;520939
520941;520941
520942;520942
520942;520943
520943;520943
520949;520949
520951;520951
520952;520952
520959;520959
521011;521011
521012;521012
521019;521019
521021;521021
521022;521022
521029;521029
521031;521031
521032;521032
521039;521039
521041;521041
521042;521042
521049;521049
521051;521051
521052;521052
521059;521059
521111;521111
521112;521112
521119;521119
521121;521121
521122;521122
521129;521129
521131;521131
521132;521132
521139;521139
521141;521141
521142;521142
521142;521143
521143;521143
521149;521149
521151;521151
521152;521152
521159;521159
521211;521211
521212;521212
521213;521213
521214;521214
521215;521215
521221;521221
521222;521222
521223;521223
521224;521224
521225;521225
530110;530110
530121;530121
530129;530129
530130;530130
530210;530210
530290;530290
530310;530310
530390;530390
530410;530410
530490;530490
530511;530511
530519;530519
530521;530521
530529;530529
530591;530591
530599;530599
530610;530610
530620;530620
530710;530710
530720;530720
530810;530810
530820;530820
530830;530830
530890;530890
530911;530911
530919;530919
530921;530921
530929;530929
531010;531010
531090;531090
531100;531100
540110;540110
540120;540120
540210;540210
540220;540220
540231;540231
540232;540232
540233;540233
540239;540239
540241;540241
540242;540242
540243;540243
540249;540249
540251;540251
540252;540252
540259;540259
540261;540261
540262;540262
540269;540269
540310;540310
540320;540320
540331;540331
540332;540332
540333;540333
540339;540339
540341;540341
540342;540342
540349;540349
540410;540410
540490;540490
540500;540500
540610;540610
540620;540620
540710;540710
540720;540720
540730;540730
540741;540741
540742;540742
540743;540743
540744;540744
540751;540751
540752;540752
540753;540753
540754;540754
540761;540760
540769;540771
540769;540772
540769;540773
540769;540774
540771;540771
540772;540772
540773;540773
540774;540774
540781;540781
540782;540782
540783;540783
540784;540784
540791;540791
540792;540792
540793;540793
540794;540794
540810;540810
540821;540821
540822;540822
540823;540823
540824;540824
540831;540831
540832;540832
540833;540833
540834;540834
550110;550110
550120;550120
550130;550130
550190;550190
550200;550200
550310;550310
550320;550320
550330;550330
550340;550340
550390;550390
550410;550410
550490;550490
550510;550510
550520;550520
550610;550610
550620;550620
550630;550630
550690;550690
550700;550700
550810;550810
550820;550820
550911;550911
550912;550912
550921;550921
550922;550922
550931;550931
550932;550932
550941;550941
550942;550942
550951;550951
550952;550952
550953;550953
550959;550959
550961;550961
550962;550962
550969;550969
550991;550991
550992;550992
550999;550999
551011;551011
551012;551012
551020;551020
551030;551030
551090;551090
551110;551110
551120;551120
551130;551130
551211;551211
551219;551219
551221;551221
551229;551229
551291;551291
551299;551299
551311;551311
551312;551312
551313;551313
551319;551319
551321;551321
551322;551322
551323;551323
551329;551329
551331;551331
551332;551332
551333;551333
551339;551339
551341;551341
551342;551342
551343;551343
551349;551349
551411;551411
551412;551412
551413;551413
551419;551419
551421;551421
551422;551422
551423;551423
551429;551429
551431;551431
551432;551432
551433;551433
551439;551439
551441;551441
551442;551442
551443;551443
551449;551449
551511;551511
551512;551512
551513;551513
551519;551519
551521;551521
551522;551522
551529;551529
551591;551591
551592;551592
551599;551599
551611;551611
551612;551612
551613;551613
551614;551614
551621;551621
551622;551622
551623;551623
551624;551624
551631;551631
551632;551632
551633;551633
551634;551634
551641;551641
551642;551642
551643;551643
551644;551644
551691;551691
551692;551692
551693;551693
551694;551694
560110;560110
560121;560121
560122;560122
560129;560129
560130;560130
560210;560210
560221;560221
560229;560229
560290;560290
560311;560300
560312;560300
560313;560300
560314;560300
560391;560300
560392;560300
560393;560300
560394;560300
560410;560410
560420;560420
560490;560490
560500;560500
560600;560600
560710;560710
560721;560721
560729;560729
560730;560730
560741;560741
560749;560749
560750;560750
560790;560790
560811;560811
560819;560819
560890;560890
560900;560900
570110;570110
570190;570190
570210;570210
570220;570220
570231;570231
570232;570232
570239;570239
570241;570241
570242;570242
570249;570249
570251;570251
570252;570252
570259;570259
570291;570291
570292;570292
570299;570299
570310;570310
570320;570320
570330;570330
570390;570390
570410;570410
570490;570490
570500;570500
580110;580110
580121;580121
580122;580122
580123;580123
580124;580124
580125;580125
580126;580126
580131;580131
580132;580132
580133;580133
580134;580134
580135;580135
580136;580136
580190;580190
580211;580211
580219;580219
580220;580220
580230;580230
580310;580310
580390;580390
580410;580410
580421;580421
580429;580429
580430;580430
580500;580500
580610;580610
580620;580620
580631;580631
580632;580632
580639;580639
580640;580640
580710;580710
580790;580790
580810;580810
580890;580890
580900;580900
581010;581010
581091;581091
581092;581092
581099;581099
581100;581100
590110;590110
590190;590190
590210;590210
590220;590220
590290;590290
590310;590310
590320;590320
590390;590390
590410;590410
590491;590491
590492;590492
590500;590500
590610;590610
590691;590691
590699;590699
590700;590700
590800;590800
590900;590900
591000;591000
591110;580610
591110;591110
591120;591120
591131;591131
591132;591132
591140;591140
591190;591190
600110;600110
600121;600121
600122;600122
600129;600129
600191;600191
600192;600192
600199;600199
600210;600210
600220;600220
600230;600230
600241;600241
600242;600242
600243;600243
600249;600249
600291;600291
600292;600292
600293;600293
600299;600299
610110;610110
610120;610120
610130;610130
610190;610190
610210;610210
610220;610220
610230;610230
610290;610290
610311;610311
610312;610312
610319;610319
610321;610321
610322;610322
610323;610323
610329;610329
610331;610331
610332;610332
610333;610333
610339;610339
610341;610341
610342;610342
610343;610343
610349;610349
610411;610411
610412;610412
610413;610413
610419;610419
610421;610421
610422;610422
610423;610423
610429;610429
610431;610431
610432;610432
610433;610433
610439;610439
610441;610441
610442;610442
610443;610443
610444;610444
610449;610449
610451;610451
610452;610452
610453;610453
610459;610459
610461;610461
610462;610462
610463;610463
610469;610469
610510;610510
610520;610520
610590;610590
610610;610610
610620;610620
610690;610690
610711;610711
610712;610712
610719;610719
610721;610721
610722;610722
610729;610729
610791;610791
610792;610792
610799;610799
610811;610811
610819;610819
610821;610821
610822;610822
610829;610829
610831;610831
610832;610832
610839;610839
610891;610891
610892;610892
610899;610899
610910;610910
610990;610990
611010;611010
611020;611020
611030;611030
611090;611090
611110;611110
611120;611120
611130;611130
611190;611190
611211;611211
611212;611212
611219;611219
611220;611220
611231;611231
611239;611239
611241;611241
611249;611249
611300;611300
611410;611410
611420;611420
611430;611430
611490;611490
611511;611511
611512;611512
611519;611519
611520;611520
611591;611591
611592;611592
611593;611593
611599;611599
611610;611610
611610;611691
611610;611692
611610;611693
611610;611699
611691;611691
611692;611692
611693;611693
611699;611699
611710;611710
611720;611720
611780;611780
611790;611790
620111;620111
620112;620112
620113;620113
620119;620119
620191;620191
620192;620192
620193;620193
620199;620199
620211;620211
620212;620212
620213;620213
620219;620219
620291;620291
620292;620292
620293;620293
620299;620299
620311;620311
620312;620312
620319;620319
620321;620321
620322;620322
620323;620323
620329;620329
620331;620331
620332;620332
620333;620333
620339;620339
620341;620341
620342;620342
620343;620343
620349;620349
620411;620411
620412;620412
620413;620413
620419;620419
620421;620421
620422;620422
620423;620423
620429;620429
620431;620431
620432;620432
620433;620433
620439;620439
620441;620441
620442;620442
620443;620443
620444;620444
620449;620449
620451;620451
620452;620452
620453;620453
620459;620459
620461;620461
620462;620462
620463;620463
620469;620469
620510;620510
620520;620520
620530;620530
620590;620590
620610;620610
620620;620620
620630;620630
620640;620640
620690;620690
620711;620711
620719;620719
620721;620721
620722;620722
620729;620729
620791;620791
620792;620792
620799;620799
620811;620811
620819;620819
620821;620821
620822;620822
620829;620829
620891;620891
620892;620892
620899;620899
620910;620910
620920;620920
620930;620930
620990;620990
621010;621010
621020;621020
621030;621030
621040;621040
621050;621050
621111;621111
621112;621112
621120;621120
621131;621131
621132;621132
621133;621133
621139;621139
621141;621141
621142;621142
621143;621143
621149;621149
621210;621210
621220;621220
621230;621230
621290;621290
621310;621310
621320;621320
621390;621390
621410;621410
621420;621420
621430;621430
621440;621440
621490;621490
621510;621510
621520;621520
621590;621590
621600;621600
621710;621710
621790;621790
630110;630110
630120;630120
630130;630130
630140;630140
630190;630190
630210;630210
630221;630221
630222;630222
630229;630229
630231;630231
630232;630232
630239;630239
630240;630240
630251;630251
630252;630252
630253;630253
630259;630259
630260;630260
630291;630291
630292;630292
630293;630293
630299;630299
630311;630311
630312;630312
630319;630319
630391;630391
630392;630392
630399;630399
630411;630411
630419;630419
630491;630491
630492;630492
630493;630493
630499;630499
630510;630510
630520;630520
630532;630531
630532;630539
630533;630531
630539;630539
630590;630590
630611;630611
630612;630612
630619;630619
630621;630621
630622;630622
630629;630629
630631;630631
630639;630639
630641;630641
630649;630649
630691;630691
630699;630699
630710;630710
630720;630720
630790;630790
630800;630800
630900;630900
631010;631010
631090;631090
640110;640110
640191;640191
640192;640192
640199;640199
640212;640211
640212;640291
640219;640219
640220;640220
640230;640230
640291;640291
640299;640299
640312;640311
640312;640391
640319;640319
640320;640320
640330;640330
640340;640340
640351;640351
640359;640359
640391;640391
640399;640399
640411;640411
640411;640419
640419;640419
640420;640420
640510;640510
640520;640520
640590;640590
640610;640610
640620;640620
640691;640691
640699;640699
650100;650100
650200;650200
650300;650300
650400;650400
650510;650510
650590;650590
650610;650610
650691;650691
650692;650692
650699;650699
650700;650700
660110;660110
660191;660191
660199;660199
660200;660200
660310;660310
660320;660320
660390;660390
670100;670100
670210;670210
670290;670290
670300;670300
670411;670411
670419;670419
670420;670420
670490;670490
680100;680100
680210;680210
680221;680221
680222;680222
680223;680223
680229;680229
680291;680291
680292;680292
680293;680293
680299;680299
680300;680300
680410;680410
680421;680421
680422;680422
680423;680423
680430;680430
680510;680510
680520;680520
680530;680530
680610;680610
680620;680620
680690;680690
680710;680710
680790;680790
680800;680800
680911;680911
680919;680919
680990;680990
681011;681011
681019;681019
681091;681091
681099;681020
681099;681099
681110;681110
681120;681120
681130;681130
681190;681190
681210;681210
681220;681220
681230;681230
681240;681240
681250;681250
681260;681260
681270;681270
681290;681290
681310;681310
681390;681390
681410;681410
681490;681490
681510;681510
681520;681520
681591;681591
681599;681599
690100;690100
690210;690210
690220;690220
690290;690290
690310;690310
690320;690320
690390;690390
690410;690410
690490;690490
690510;690510
690590;690590
690600;690600
690710;690710
690790;690790
690810;690810
690890;690890
690911;690911
690912;690919
690919;690919
690990;690990
691010;691010
691090;691090
691110;691110
691190;691190
691200;691200
691310;691310
691390;691390
691410;691410
691490;691490
700100;700100
700210;700210
700220;700220
700231;700231
700232;700232
700239;700239
700312;700311
700312;700600
700319;700319
700320;700320
700330;700330
700420;700410
700420;700600
700490;700490
700510;700510
700510;700600
700521;700521
700529;700529
700530;700530
700600;700600
700711;700711
700719;700719
700721;700721
700729;700729
700800;700800
700910;700910
700991;700991
700992;700992
701010;701010
701020;701090
701091;701090
701092;701090
701093;701090
701094;701090
701110;701110
701120;701120
701190;701190
701200;701200
701310;701310
701321;701321
701329;701329
701331;701331
701332;701332
701339;701339
701391;701391
701399;701399
701400;701400
701510;701510
701590;701590
701610;701610
701690;701690
701710;701710
701720;701720
701790;701790
701810;701810
701820;701820
701890;701890
701911;701910
701912;701910
701919;701910
701931;701931
701932;701932
701939;701939
701940;701920
701951;701920
701952;701920
701959;701920
701990;701990
702000;702000
710110;710110
710110;711610
710121;710121
710121;711610
710122;710122
710122;711610
710210;710210
710221;710221
710229;710229
710231;710231
710239;710239
710310;710310
710391;710391
710399;710399
710410;710410
710420;710420
710490;710490
710510;710510
710590;710590
710610;710610
710691;710691
710692;710692
710700;710700
710811;710811
710812;710812
710813;710813
710820;710820
710900;710900
711011;711011
711019;711019
711021;711021
711029;711029
711031;711031
711039;711039
711041;711041
711049;711049
711100;711100
711210;262090
711210;711210
711220;262090
711220;711220
711290;262090
711290;391590
711290;711290
711311;711311
711319;711319
711320;711320
711411;711411
711419;711419
711420;711420
711510;711510
711590;711590
711610;711610
711620;711620
711711;711711
711719;711719
711790;711790
711810;711810
711890;711890
720110;720110
720120;720120
720150;720130
720150;720140
720211;720211
720219;720219
720221;720221
720229;720229
720230;720230
720241;720241
720249;720249
720250;720250
720260;720260
720270;720270
720280;720280
720291;720291
720292;720292
720293;720293
720299;720299
720310;720310
720390;720390
720410;720410
720421;720421
720429;720429
720430;720430
720441;720441
720449;720449
720450;720450
720510;720510
720521;720521
720529;720529
720610;720610
720690;720690
720711;720711
720712;720712
720719;720719
720720;720720
720810;720811
720810;720812
720810;720813
720810;720814
720810;720821
720810;720822
720810;720823
720810;720824
720825;720811
720825;720812
720825;720821
720825;720822
720826;720813
720826;720823
720827;720814
720827;720824
720836;720811
720836;720821
720837;720812
720837;720822
720838;720813
720838;720823
720839;720814
720839;720824
720840;720832
720840;720833
720840;720834
720840;720835
720840;720842
720840;720843
720840;720844
720840;720845
720851;720831
720851;720832
720851;720841
720851;720842
720852;720831
720852;720833
720852;720841
720852;720843
720853;720831
720853;720834
720853;720841
720853;720844
720854;720835
720854;720845
720890;720890
720915;720911
720915;720921
720916;720912
720916;720922
720917;720913
720917;720923
720918;720914
720918;720924
720925;720931
720925;720941
720926;720932
720926;720942
720927;720933
720927;720943
720928;720934
720928;720944
720990;720990
721011;721011
721012;721012
721020;721020
721030;721031
721030;721039
721041;721041
721049;721049
721050;721050
721061;721060
721069;721060
721070;721070
721090;721090
721113;721111
721113;721121
721114;721112
721114;721122
721119;721119
721119;721129
721123;721130
721123;721141
721129;721129
721129;721130
721129;721149
721190;721190
721210;721210
721220;721221
721220;721229
721230;721230
721240;721240
721250;721250
721260;721260
721310;721310
721310;721650
721320;721320
721320;721650
721391;721331
721391;721341
721391;721350
721399;721339
721399;721349
721399;721350
721399;721650
721410;721410
721410;721690
721420;721420
721420;721650
721430;721430
721430;721650
721491;721440
721491;721450
721491;721460
721499;721440
721499;721450
721499;721460
721499;721650
721510;721510
721510;721660
721550;721520
721550;721530
721550;721540
721550;721660
721590;721590
721590;721690
721610;721610
721621;721621
721622;721622
721631;721631
721632;721632
721633;721633
721640;721640
721650;721650
721661;721660
721669;721660
721691;721690
721699;721690
721710;721711
721710;721721
721710;721731
721720;721712
721720;721722
721720;721732
721730;721713
721730;721723
721730;721733
721790;721719
721790;721729
721790;721739
721810;721810
721891;721890
721899;721890
721911;721911
721912;721912
721913;721913
721914;721914
721921;721921
721922;721922
721923;721923
721924;721924
721931;721931
721932;721932
721933;721933
721934;721934
721935;721935
721990;721990
722011;722011
722012;722012
722020;722020
722090;722090
722100;722100
722100;722240
722211;722210
722219;722210
722219;722240
722220;722220
722220;722240
722230;722230
722230;722240
722240;722240
722300;722300
722410;722410
722490;722490
722511;722510
722519;722510
722520;722520
722530;722530
722540;722540
722550;722550
722591;722590
722592;722590
722599;722590
722611;722610
722619;722610
722620;722620
722691;722691
722692;722692
722693;722699
722694;722699
722699;722699
722710;722710
722710;722870
722720;722720
722720;722790
722720;722870
722790;722790
722790;722870
722810;722810
722810;722870
722820;722820
722820;722830
722820;722840
722820;722850
722820;722860
722820;722870
722830;722830
722830;722870
722840;722840
722840;722870
722850;722850
722850;722870
722860;722860
722860;722870
722870;722870
722880;722880
722910;722910
722920;722920
722920;722990
722990;722990
730110;730110
730120;730120
730210;730210
730220;730220
730230;730230
730240;730240
730290;730290
730300;730300
730410;730410
730421;730420
730429;730420
730431;730431
730439;730439
730441;730441
730449;730449
730451;730451
730459;730459
730490;730490
730511;730511
730512;730512
730519;730519
730520;730520
730531;730531
730539;730539
730590;730590
730610;730610
730620;730620
730630;730630
730640;730640
730650;730650
730660;730660
730690;730690
730711;730711
730719;730719
730721;730721
730722;730722
730723;730723
730729;730729
730791;730791
730792;730792
730793;730793
730799;730799
730810;730810
730820;730820
730830;730830
730840;730840
730890;730890
730900;730900
731010;731010
731021;731021
731029;731029
731100;731100
731210;731210
731290;731290
731300;731300
731412;731411
731413;731419
731414;731411
731419;731419
731420;731420
731431;731430
731439;731430
731441;731441
731442;731442
731449;731449
731450;731450
731511;731511
731512;731512
731519;731519
731520;731520
731581;731581
731582;731582
731589;731589
731590;731590
731600;731600
731700;731700
731811;731811
731812;731812
731813;731813
731814;731814
731815;731815
731816;731816
731819;731819
731821;731821
731822;731822
731823;731823
731824;731824
731829;731829
731910;731910
731920;731920
731930;731930
731990;731990
732010;732010
732020;732020
732090;732090
732111;732111
732112;732112
732113;732113
732181;732181
732182;732182
732183;732183
732190;732190
732211;732211
732219;732219
732290;732290
732310;732310
732391;732391
732392;732392
732393;732393
732394;732394
732399;732399
732410;732410
732421;732421
732429;732429
732490;732490
732510;732510
732591;732591
732599;732599
732611;732611
732619;732619
732620;732620
732690;732690
740110;740110
740120;740120
740200;740200
740311;740311
740312;740312
740313;740313
740319;740319
740321;740321
740322;740322
740323;740323
740329;740329
740400;740400
740500;740500
740610;740610
740620;740620
740710;740710
740721;740721
740722;740722
740729;740729
740811;740811
740819;740819
740821;740821
740822;740822
740829;740829
740911;740911
740919;740919
740921;740921
740929;740929
740931;740931
740939;740939
740940;740940
740990;740990
741011;741011
741012;741012
741021;741021
741022;741022
741110;741110
741121;741121
741122;741122
741129;741129
741210;741210
741220;741220
741300;741300
741420;741410
741420;741490
741490;741490
741510;741510
741521;741521
741529;741529
741531;741531
741532;741532
741539;741539
741600;741600
741700;741700
741811;741810
741819;741810
741820;741820
741910;741910
741991;741991
741999;741999
750110;750110
750120;750120
750210;750210
750220;750220
750300;750300
750400;750400
750511;750511
750512;750512
750521;750521
750522;750522
750610;750610
750620;750620
750711;750711
750712;750712
750720;750720
750810;750800
750890;750800
760110;760110
760120;760120
760200;760200
760310;760310
760320;760320
760410;760410
760421;760421
760429;760429
760511;760511
760519;760519
760521;760521
760529;760529
760611;760611
760612;760612
760691;760691
760692;760692
760711;760711
760719;760719
760720;760720
760810;760810
760820;760820
760900;760900
761010;761010
761090;761090
761100;761100
761210;761210
761290;761290
761300;761300
761410;761410
761490;761490
761511;761510
761519;761510
761520;761520
761610;761610
761691;761690
761699;761690
780110;780110
780191;780191
780199;780199
780200;780200
780300;780300
780411;780411
780419;780419
780420;780420
780500;780500
780600;780600
790111;790111
790112;790112
790120;790120
790200;790200
790310;790310
790390;790390
790400;790400
790500;790500
790600;790600
790700;790710
790700;790790
800110;800110
800120;800120
800200;800200
800300;800300
800400;800400
800500;800510
800500;800520
800600;800600
800700;800700
810110;810110
810191;810191
810192;810192
810193;810193
810199;810199
810210;810210
810291;810291
810292;810292
810293;810293
810299;810299
810310;810310
810390;810390
810411;810411
810419;810419
810420;810420
810430;810430
810490;810490
810510;810510
810590;810590
810600;810600
810710;810710
810790;810790
810810;810810
810890;810890
810910;810910
810990;810990
811000;811000
811100;811100
811211;811211
811219;811219
811220;811220
811230;811230
811240;811240
811291;811291
811299;811299
811300;811300
820110;820110
820120;820120
820130;820130
820140;820140
820150;820150
820160;820160
820190;820190
820210;820210
820220;820220
820231;820231
820239;820231
820239;820232
820240;820240
820291;820291
820299;820299
820310;820310
820320;820320
820330;820330
820340;820340
820411;820411
820412;820412
820420;820420
820510;820510
820520;820520
820530;820530
820540;820540
820551;820551
820559;820559
820560;820560
820570;820570
820580;820580
820590;820590
820600;820600
820713;820711
820719;820711
820719;820712
820720;820720
820730;820730
820740;820740
820750;820750
820760;820760
820770;820770
820780;820780
820790;820790
820810;820810
820820;820820
820830;820830
820840;820840
820890;820890
820900;820900
821000;821000
821110;821110
821191;821191
821192;821192
821193;821193
821194;821194
821195;821191
821195;821192
821195;821193
821210;821210
821220;821220
821290;821290
821300;821300
821410;821410
821420;821420
821490;821490
821510;821510
821520;821520
821591;821591
821599;821599
830110;830110
830120;830120
830130;830130
830140;830140
830150;830150
830160;830160
830170;830170
830210;830210
830220;830220
830230;830230
830241;830241
830242;830242
830249;830249
830250;830250
830260;830260
830300;830300
830400;830400
830510;830510
830520;830520
830590;830590
830610;830610
830621;830621
830629;830629
830630;830630
830710;830710
830790;830790
830810;830810
830820;830820
830890;830890
830910;830910
830990;830990
831000;831000
831110;831110
831120;831120
831130;831130
831190;831190
840110;840110
840120;840120
840130;840130
840140;840140
840211;840211
840212;840212
840219;840219
840220;840220
840290;840290
840310;840310
840390;840390
840410;840410
840420;840420
840490;840490
840510;840510
840590;840590
840610;840611
840681;840619
840682;840619
840690;840690
840710;840710
840721;840721
840729;840729
840731;840731
840732;840732
840733;840733
840734;840734
840790;840790
840810;840810
840820;840820
840890;840890
840910;840910
840991;840991
840999;840999
841011;841011
841012;841012
841013;841013
841090;841090
841111;841111
841112;841112
841121;841121
841122;841122
841181;841181
841182;841182
841191;841191
841199;841199
841210;841210
841221;841221
841229;841229
841231;841231
841239;841239
841280;841280
841290;841290
841311;841311
841319;841319
841320;841320
841330;841330
841340;841340
841350;841350
841350;950699
841360;841360
841360;950699
841370;841370
841370;950699
841381;841381
841381;950699
841382;841382
841391;841391
841392;841392
841410;841410
841420;841420
841430;841430
841440;841440
841451;841451
841459;841459
841460;841460
841480;841480
841490;841490
841510;841510
841520;841582
841581;841581
841582;841582
841583;841583
841590;841590
841610;841610
841620;841620
841630;841630
841690;841690
841710;841710
841720;841720
841780;841780
841790;841790
841810;841810
841821;841821
841822;841822
841829;841829
841830;841830
841840;841840
841850;841850
841861;841861
841869;841869
841891;841891
841899;841899
841911;841911
841919;841919
841920;841920
841931;841931
841932;841932
841939;841939
841940;841940
841950;841950
841960;841960
841981;841981
841989;841989
841990;841990
842010;842010
842091;842091
842099;842099
842111;842111
842112;842112
842119;842119
842121;842121
842121;950699
842122;842122
842123;842123
842129;842129
842131;842131
842139;842139
842191;842191
842199;842199
842211;842211
842219;842219
842220;842220
842230;842230
842240;842240
842290;842290
842310;842310
842320;842320
842330;842330
842381;842381
842382;842382
842389;842389
842390;842390
842410;842410
842420;842420
842430;842430
842481;842481
842489;842489
842490;842490
842511;842511
842519;842519
842520;842520
842531;842531
842539;842539
842541;842541
842542;842542
842549;842549
842611;842611
842612;842612
842619;842619
842620;842620
842630;842630
842641;842641
842649;842649
842691;842691
842699;842699
842710;842710
842720;842720
842790;842790
842810;842810
842820;842820
842831;842831
842832;842832
842833;842833
842839;842839
842840;842840
842850;842850
842860;842860
842890;842890
842911;842911
842919;842919
842920;842920
842930;842930
842940;842940
842951;842951
842952;842952
842959;842959
843010;843010
843020;843020
843031;843031
843039;843039
843041;843041
843049;843049
843050;843050
843061;843061
843062;843062
843069;843069
843110;843110
843120;843120
843131;843131
843139;843139
843141;843141
843142;843142
843143;843143
843149;843149
843210;843210
843221;843221
843229;843229
843230;843230
843240;843240
843280;843280
843290;843290
843311;843311
843319;843319
843320;843320
843330;843330
843340;843340
843351;843351
843352;843352
843353;843353
843359;843359
843360;843360
843390;843390
843410;843410
843420;843420
843490;843490
843510;843510
843590;843590
843610;843610
843621;843621
843629;843629
843680;843680
843691;843691
843699;843699
843710;843710
843780;843780
843790;843790
843810;843810
843820;843820
843830;843830
843840;843840
843850;843850
843860;843860
843880;843880
843890;843890
843910;843910
843920;843920
843930;843930
843991;843991
843999;843999
844010;844010
844090;844090
844110;844110
844120;844120
844130;844130
844140;844140
844180;844180
844190;844190
844210;844210
844220;844220
844230;844230
844240;844240
844250;844250
844311;844311
844312;844312
844319;844319
844321;844321
844329;844329
844330;844330
844340;844340
844351;842489
844359;844350
844360;844360
844390;844390
844400;844400
844511;844511
844512;844512
844513;844513
844519;844519
844520;844520
844530;844530
844540;844540
844590;844590
844610;844610
844621;844621
844629;844629
844630;844630
844711;844711
844712;844712
844720;844720
844790;844790
844811;844811
844819;844819
844820;844820
844831;844831
844832;844832
844833;844833
844839;844839
844841;844841
844842;844842
844849;844849
844851;844851
844859;844859
844900;844900
845011;845011
845012;845012
845019;845019
845020;845020
845090;845090
845110;845110
845121;845121
845129;845129
845130;845130
845140;845140
845150;845150
845180;845180
845190;845190
845210;845210
845221;845221
845229;845229
845230;845230
845240;845240
845290;845290
845310;845310
845320;845320
845380;845380
845390;845390
845410;845410
845420;845420
845430;845430
845490;845490
845510;845510
845521;845521
845522;845522
845530;845530
845590;845590
845610;845610
845620;845620
845630;845630
845691;845690
845699;845690
845710;845710
845720;845720
845730;845730
845811;845811
845819;845819
845891;845891
845899;845899
845910;845910
845921;845921
845929;845929
845931;845931
845939;845939
845940;845940
845951;845951
845959;845959
845961;845961
845969;845969
845970;845970
846011;846011
846019;846019
846021;846021
846029;846029
846031;846031
846039;846039
846040;846040
846090;846090
846110;846110
846120;846120
846130;846130
846140;846140
846150;846150
846190;846190
846210;846210
846221;846221
846229;846229
846231;846231
846239;846239
846241;846241
846249;846249
846291;846291
846299;846299
846310;846310
846320;846320
846330;846330
846390;846390
846410;846410
846420;846420
846490;846490
846510;846510
846591;846591
846592;846592
846593;846593
846594;846594
846595;846595
846596;846596
846599;846599
846610;846610
846620;846620
846630;846630
846691;846691
846692;846692
846693;846693
846694;846694
846711;846711
846719;846719
846781;846781
846789;843049
846789;846789
846789;847910
846789;847989
846791;846791
846792;846792
846799;846799
846810;846810
846820;846820
846880;846880
846890;846890
846911;846910
846912;846910
846920;846921
846920;846929
846930;846931
846930;846939
847010;847010
847010;847029
847010;847290
847010;854380
847021;847021
847029;847029
847030;847030
847040;847040
847050;847050
847090;847090
847110;847110
847130;847120
847130;847191
847130;847192
847130;847193
847141;847120
847149;847191
847149;847192
847149;847193
847149;847199
847150;847191
847160;842489
847160;846910
847160;847192
847160;847290
847160;847330
847170;847193
847170;847330
847180;847199
847190;847199
847210;847210
847220;847220
847230;847230
847290;847199
847290;847290
847310;847310
847321;847321
847329;847329
847330;847330
847340;847340
847350;847310
847350;847321
847350;847329
847350;847330
847350;847340
847410;847410
847420;847420
847431;847431
847432;847432
847439;847439
847480;847480
847490;847490
847510;847510
847521;847520
847529;847520
847590;847590
847621;847611
847629;847619
847681;847611
847689;847619
847690;847690
847710;847710
847720;847720
847730;847730
847740;847740
847751;847751
847759;847759
847780;847780
847790;847790
847810;847810
847890;847890
847910;847910
847920;847920
847930;847930
847940;847940
847950;847981
847950;847982
847950;847989
847960;847989
847981;847981
847982;847982
847989;847989
847990;847990
848010;848010
848020;848020
848030;848030
848041;848041
848049;848049
848050;848050
848060;848060
848071;848071
848079;848079
848110;848110
848120;848120
848130;848130
848140;848140
848180;848180
848190;848190
848210;848210
848220;848220
848230;848230
848240;848240
848250;848250
848280;848280
848291;848291
848299;848299
848310;848310
848320;848320
848330;848330
848340;848340
848340;848590
848350;848350
848360;848360
848390;848390
848410;848410
848420;848590
848490;848490
848510;848510
848590;848590
850110;850110
850120;850120
850131;850131
850132;850132
850133;850133
850134;850134
850140;850140
850151;850151
850152;850152
850153;850153
850161;850161
850162;850162
850163;850163
850164;850164
850211;850211
850212;850212
850213;850213
850220;850220
850231;850230
850239;850230
850240;850240
850300;850300
850410;850410
850421;850421
850422;850422
850423;850423
850431;850431
850432;850432
850433;850433
850434;850434
850440;847199
850440;850440
850450;850450
850490;850490
850511;850511
850519;850519
850520;850520
850530;850530
850590;850590
850610;850611
850610;850620
850630;850612
850630;850620
850640;850613
850640;850620
850650;850619
850650;850620
850660;850619
850660;850620
850680;850619
850680;850620
850690;850690
850710;850710
850720;850720
850730;850730
850740;850740
850780;850780
850790;850790
850810;850810
850820;850820
850880;850880
850890;850890
850910;850910
850920;850920
850930;850930
850940;850940
850980;850980
850990;850990
851010;851010
851020;851020
851030;850980
851090;851090
851110;851110
851120;851120
851130;851130
851140;851140
851150;851150
851180;851180
851190;851190
851210;851210
851220;851220
851230;851230
851240;851240
851290;851290
851310;851310
851390;851390
851410;851410
851420;851420
851430;851430
851440;851440
851490;851490
851511;851511
851519;851519
851521;851521
851529;851529
851531;851531
851539;851539
851580;851580
851590;851590
851610;851610
851621;851621
851629;851629
851631;851631
851632;851632
851633;851633
851640;851640
851650;851650
851660;851660
851671;851671
851672;851672
851679;851679
851680;851680
851690;851690
851711;851710
851719;851710
851719;852530
851719;852810
851719;852820
851721;851740
851721;851782
851722;851720
851730;851730
851750;851740
851750;851781
851750;851782
851780;851781
851780;851782
851790;851790
851810;851810
851821;851821
851822;851822
851829;851829
851830;851830
851840;851840
851850;851850
851890;851890
851910;851910
851921;851921
851929;851929
851931;851931
851939;851939
851940;851940
851992;851991
851993;851991
851999;851999
852010;852010
852020;852020
852032;852031
852032;852039
852033;852031
852039;852039
852090;852090
852110;852110
852190;852190
852210;852210
852290;852290
852311;852311
852312;852312
852313;852313
852320;852320
852330;852390
852390;852390
852410;852410
852431;852490
852432;852490
852439;852490
852440;852421
852440;852422
852440;852423
852451;852421
852452;852422
852453;852423
852460;852490
852491;852490
852499;852490
852510;852510
852520;852520
852530;852530
852540;852110
852540;852190
852540;852530
852540;900659
852610;852610
852691;852691
852692;852692
852712;852711
852713;852711
852719;852719
852721;852721
852729;852729
852731;852731
852732;852732
852739;852739
852790;852790
852812;852810
852813;852820
852821;852810
852822;852820
852830;852810
852830;852820
852910;852910
852990;852990
853010;853010
853080;853080
853090;853090
853110;853110
853120;853120
853180;853180
853190;853190
853210;853210
853221;853221
853222;853222
853223;853223
853224;853224
853225;853225
853229;853229
853230;853230
853290;853290
853310;853310
853321;853321
853329;853329
853331;853331
853339;853339
853340;853340
853390;853390
853400;853400
853510;853510
853521;853521
853529;853529
853530;853530
853540;853540
853590;853590
853610;853610
853620;853620
853630;853630
853641;853641
853649;853649
853650;853650
853661;853661
853669;853669
853690;853690
853710;853710
853720;853720
853810;853810
853890;853890
853910;853910
853921;853921
853922;853922
853929;853929
853931;853931
853932;853939
853939;853939
853941;853940
853949;853940
853990;853990
854011;854011
854012;854012
854020;854020
854040;854030
854050;854030
854060;854030
854071;854041
854072;854042
854079;854049
854081;854081
854089;854089
854091;854091
854099;854099
854110;854110
854121;854121
854129;854129
854130;854130
854140;854140
854150;854150
854160;854160
854190;854190
854212;854211
854213;854211
854214;854211
854219;854211
854219;854219
854230;854219
854240;854220
854250;854280
854290;854290
854311;854310
854319;854310
854320;854320
854330;854330
854340;854380
854381;854380
854389;854380
854390;854390
854411;854411
854419;854419
854420;854420
854430;854430
854441;854441
854449;854449
854451;854451
854459;854459
854460;854460
854470;854470
854511;854511
854519;854519
854520;854520
854590;854590
854610;854610
854620;854620
854690;854690
854710;854710
854720;854720
854790;854790
854810;382390
854810;720421
854810;720429
854810;720430
854810;720449
854810;740400
854810;750300
854810;780200
854810;790200
854810;810710
854810;850611
854810;850612
854810;850613
854810;850619
854810;850620
854810;850710
854810;850720
854810;850730
854810;850740
854810;850780
854890;854800
860110;860110
860120;860120
860210;860210
860290;860290
860310;860310
860390;860390
860400;860400
860500;860500
860610;860610
860620;860620
860630;860630
860691;860691
860692;860692
860699;860699
860711;860711
860712;860712
860719;860719
860721;860721
860729;860729
860730;860730
860791;860791
860799;860799
860800;860800
860900;860900
870110;870110
870120;870120
870130;870130
870190;870190
870210;870210
870290;870290
870310;870310
870321;870321
870322;870322
870323;870323
870324;870324
870331;870331
870332;870332
870333;870333
870390;870390
870410;870410
870421;870421
870422;870422
870423;870423
870431;870431
870432;870432
870490;870490
870510;870510
870520;870520
870530;870530
870540;870540
870590;870590
870600;870600
870710;870710
870790;870790
870810;870810
870821;870821
870829;870829
870831;870831
870839;870839
870840;870840
870850;870850
870860;870860
870870;870870
870880;870880
870891;870891
870892;870892
870893;870893
870894;870894
870899;870899
870911;870911
870919;870919
870990;870990
871000;871000
871110;871110
871120;871120
871130;871130
871140;871140
871150;871150
871190;871190
871200;871200
871310;871310
871390;871390
871411;871411
871419;871419
871420;871420
871491;871491
871492;871492
871493;871493
871494;871494
871495;871495
871496;871496
871499;871499
871500;871500
871610;871610
871620;871620
871631;871631
871639;871639
871640;871640
871680;871680
871690;871690
880110;880110
880190;880190
880211;880211
880212;880212
880220;880220
880230;880230
880240;880240
880260;880250
880310;880310
880320;880320
880330;880330
880390;880390
880400;880400
880510;880510
880520;880520
890110;890110
890120;890120
890130;890130
890190;890190
890200;890200
890310;890310
890391;890391
890392;890392
890399;890399
890400;890400
890510;890510
890520;890520
890590;890590
890600;890600
890710;890710
890790;890790
890800;890800
900110;900110
900120;900120
900130;900130
900140;900140
900150;900150
900190;900190
900211;900211
900219;900219
900220;900220
900290;900290
900311;900311
900319;900319
900390;900390
900410;900410
900490;900490
900510;900510
900580;900580
900590;900590
900610;900610
900620;900620
900630;900630
900640;900640
900651;900651
900652;900652
900653;900653
900659;900659
900661;900661
900662;900662
900669;900669
900691;900691
900699;900699
900711;900711
900719;900719
900720;900721
900720;900729
900791;900791
900792;900792
900810;900810
900820;900820
900830;900830
900840;900840
900890;900890
900911;900911
900912;900912
900921;900921
900922;900922
900930;900930
900990;900990
901010;901010
901041;901020
901042;901020
901049;901020
901050;901020
901060;901030
901090;901090
901110;901110
901120;901120
901180;901180
901190;901190
901210;901210
901290;901290
901310;901310
901320;901320
901380;901380
901390;901390
901410;901410
901420;901420
901480;901480
901490;901490
901510;901510
901520;901520
901530;901530
901540;901540
901580;901580
901590;901590
901600;901600
901710;901710
901720;901720
901730;901730
901780;901780
901790;901790
901811;901811
901812;901819
901813;901819
901814;901819
901819;901819
901820;901820
901831;901831
901832;901832
901839;901839
901841;901841
901849;901849
901850;901850
901890;901890
901910;901910
901920;901920
902000;902000
902111;902111
902119;902119
902121;902121
902129;902129
902130;902130
902140;902140
902150;902150
902190;902190
902212;902211
902213;902211
902214;902211
902219;902219
902221;902221
902229;902229
902230;902230
902290;902290
902300;902300
902410;902410
902480;902480
902490;902490
902511;902511
902519;902519
902580;902520
902580;902580
902590;902590
902610;902610
902620;902620
902680;902680
902690;902690
902710;902710
902720;902720
902730;902730
902740;902740
902750;902750
902780;902780
902790;902790
902810;902810
902820;902820
902830;902830
902890;902890
902910;902910
902920;902920
902990;902990
903010;903010
903020;903020
903031;903031
903039;903039
903040;903040
903082;903081
903082;903089
903083;903081
903089;903089
903090;903090
903110;903110
903120;903120
903130;903130
903141;903140
903149;903140
903180;903180
903190;903190
903210;903210
903220;903220
903281;903281
903289;903289
903290;903290
903300;903300
910111;910111
910111;910129
910112;910112
910112;910129
910119;910119
910119;910129
910121;910121
910129;910129
910191;910191
910191;910199
910199;910199
910211;910211
910211;910229
910212;910212
910212;910229
910219;910219
910219;910229
910221;910221
910229;910229
910291;910291
910291;910299
910299;910299
910310;910310
910310;910390
910390;910390
910400;910400
910511;910511
910511;910519
910519;910519
910521;910521
910521;910529
910529;910529
910591;910591
910591;910599
910599;910599
910610;910610
910620;910620
910690;910690
910700;910700
910811;910811
910811;910891
910811;910899
910812;910812
910812;910891
910812;910899
910819;910819
910819;910891
910819;910899
910820;910820
910891;910891
910899;910899
910911;910911
910911;910990
910919;910919
910919;910990
910990;910990
911011;911011
911012;911012
911019;911019
911090;911090
911110;911110
911120;911120
911180;911180
911190;911190
911210;911210
911280;911280
911290;911290
911310;911310
911320;911320
911390;911390
911410;911410
911420;911420
911430;911430
911440;911440
911490;911490
920110;920110
920120;920120
920190;920190
920210;920210
920290;920290
920300;920300
920410;920410
920420;920420
920510;920510
920590;920590
920600;920600
920710;920710
920790;920790
920810;920810
920890;920890
920910;920910
920920;920920
920930;920930
920991;920991
920992;920992
920993;920993
920994;920994
920999;920999
930100;930100
930200;930200
930310;930310
930320;930320
930330;930330
930390;930390
930400;930400
930510;930510
930521;930521
930529;930529
930590;930590
930610;930610
930621;930621
930629;930629
930630;930630
930690;930690
930700;930700
940110;940110
940120;940120
940130;940130
940140;940140
940150;940150
940161;940161
940169;940169
940171;940171
940179;940179
940180;940180
940190;940190
940210;940210
940290;940290
940310;940310
940320;940320
940330;940330
940340;940340
940350;940350
940360;940360
940370;940370
940380;940380
940390;940390
940410;940410
940421;940421
940429;940429
940430;940430
940490;940490
940510;940510
940520;940520
940530;940530
940540;940540
940550;940550
940560;940560
940591;940591
940592;940592
940599;940599
940600;940600
950100;950100
950210;950210
950291;950291
950299;950299
950310;950310
950320;950320
950330;950330
950341;950341
950349;950349
950350;950350
950360;950360
950370;950370
950380;950380
950390;950390
950410;950410
950420;950420
950430;950430
950440;950440
950490;950490
950510;950510
950590;950590
950611;950611
950612;950612
950619;950619
950621;950621
950629;950629
950631;950631
950632;950632
950639;950639
950640;950640
950651;950651
950659;950659
950661;950661
950662;950662
950669;950669
950670;950670
950691;950691
950699;950699
950710;950710
950720;950720
950730;950730
950790;950790
950800;950800
960110;960110
960190;960190
960200;960200
960310;960310
960321;960321
960329;960329
960330;960330
960340;960340
960350;960350
960390;960390
960400;960400
960500;960500
960610;960610
960621;960621
960622;960622
960629;960629
960630;960630
960711;960711
960719;960719
960720;960720
960810;960810
960820;960820
960831;960831
960839;960839
960840;960840
960850;960850
960860;960860
960891;960891
960899;960899
960910;960910
960920;960920
960990;960990
961000;961000
961100;961100
961210;961210
961220;961220
961310;961310
961320;961320
961330;961330
961380;961380
961390;961390
961420;961410
961420;961420
961490;961490
961511;961511
961519;961519
961590;961590
961610;961610
961620;961620
961700;961700
961800;961800
970110;970110
970190;970190
970200;970200
970300;970300
970400;970400
970500;970500
970600;970600
