HS;BEC
10121;41
10129;111
10130;41
10190;111
10221;41
10229;111
10231;41
10239;111
10290;41
10310;41
10391;111
10392;111
10410;111
10420;111
10511;111
10512;111
10513;111
10514;111
10515;111
10594;111
10599;111
10611;111
10612;111
10613;111
10614;111
10619;111
10620;111
10631;111
10632;111
10633;111
10639;111
10641;111
10649;111
10690;111
20110;121
20120;122
20130;122
20210;121
20220;122
20230;122
20311;121
20312;122
20319;122
20321;121
20322;122
20329;122
20410;121
20421;121
20422;122
20423;122
20430;121
20441;121
20442;122
20443;122
20450;122
20500;121
20610;122
20621;122
20622;122
20629;122
20630;122
20641;122
20649;122
20680;122
20690;122
20711;122
20712;122
20713;122
20714;122
20724;122
20725;122
20726;122
20727;122
20741;122
20742;122
20743;122
20744;122
20745;122
20751;122
20752;122
20753;122
20754;122
20755;122
20760;122
20810;122
20830;122
20840;122
20850;122
20860;122
20890;122
20910;121
20990;121
21011;122
21012;122
21019;122
21020;122
21091;122
21092;122
21093;122
21099;122
30111;63
30119;63
30191;112
30192;112
30193;112
30194;112
30195;112
30199;112
30211;112
30213;112
30214;112
30219;112
30221;112
30222;112
30223;112
30224;112
30229;112
30231;112
30232;112
30233;112
30234;112
30235;112
30236;112
30239;112
30241;112
30242;112
30243;112
30244;112
30245;112
30246;112
30247;112
30249;112
30251;112
30252;112
30253;112
30254;112
30255;112
30256;112
30259;112
30271;112
30272;112
30273;112
30274;112
30279;112
30281;112
30282;112
30283;112
30284;112
30285;112
30289;112
30291;122
30292;112
30299;112
30311;122
30312;122
30313;122
30314;122
30319;122
30323;122
30324;122
30325;122
30326;122
30329;122
30331;122
30332;122
30333;122
30334;122
30339;122
30341;122
30342;122
30343;122
30344;122
30345;122
30346;122
30349;122
30351;122
30353;122
30354;122
30355;122
30356;122
30357;122
30359;122
30363;122
30364;122
30365;122
30366;122
30367;122
30368;122
30369;122
30381;122
30382;122
30383;122
30384;122
30389;122
30391;122
30392;122
30399;122
30431;122
30432;122
30433;122
30439;122
30441;122
30442;122
30443;122
30444;122
30445;122
30446;122
30447;122
30448;122
30449;122
30451;122
30452;122
30453;122
30454;122
30455;122
30456;122
30457;122
30459;122
30461;122
30462;122
30463;122
30469;122
30471;122
30472;122
30473;122
30474;122
30475;122
30479;122
30481;122
30482;122
30483;122
30484;122
30485;122
30486;122
30487;122
30488;122
30489;122
30491;122
30492;122
30493;122
30494;122
30495;122
30496;122
30497;122
30499;122
30510;121
30520;122
30531;122
30532;122
30539;122
30541;122
30542;122
30543;122
30544;122
30549;122
30551;112
30552;112
30553;112
30554;112
30559;112
30561;112
30562;112
30563;112
30564;112
30569;112
30571;12
30572;12
30579;12
30611;12
30612;12
30614;12
30615;12
30616;12
30617;12
30619;12
30631;12
30632;12
30633;12
30634;122
30635;12
30636;12
30639;122
30691;12
30692;12
30693;12
30694;122
30695;12
30699;122
30711;112
30712;12
30719;12
30721;112
30722;12
30729;12
30731;112
30732;12
30739;12
30742;112
30743;12
30749;12
30751;112
30752;12
30759;12
30760;122
30771;112
30772;12
30779;12
30781;112
30782;112
30783;12
30784;12
30787;12
30788;12
30791;112
30792;12
30799;12
30811;112
30812;12
30819;12
30821;112
30822;12
30829;12
30830;12
30890;12
40110;112
40120;112
40140;112
40150;112
40210;121
40221;122
40229;122
40291;122
40299;122
40310;112
40390;112
40410;121
40490;121
40510;122
40520;122
40590;122
40610;122
40620;122
40630;122
40640;122
40690;122
40711;112
40719;112
40721;112
40729;112
40790;112
40811;121
40819;121
40891;121
40899;121
40900;112
41000;122
50100;21
50210;21
50290;21
50400;21
50510;21
50590;21
50610;21
50690;21
50710;21
50790;21
50800;21
51000;21
51110;21
51191;21
51199;21
60110;21
60120;21
60210;21
60220;21
60230;21
60240;21
60290;21
60311;63
60312;63
60313;63
60314;63
60315;63
60319;63
60390;63
60420;21
60490;21
70110;21
70190;112
70200;112
70310;112
70320;112
70390;112
70410;112
70420;112
70490;112
70511;112
70519;112
70521;112
70529;112
70610;112
70690;112
70700;112
70810;112
70820;112
70890;112
70920;112
70930;112
70940;112
70951;112
70959;112
70960;112
70970;112
70991;112
70992;112
70993;112
70999;112
71010;112
71021;112
71022;112
71029;112
71030;112
71040;112
71080;112
71090;112
71120;122
71140;122
71151;122
71159;122
71190;122
71220;122
71231;122
71232;122
71233;122
71239;122
71290;122
71310;112
71320;112
71331;112
71332;112
71333;112
71334;112
71335;112
71339;112
71340;112
71350;112
71360;112
71390;112
71410;112
71420;112
71430;112
71440;112
71450;112
71490;112
80111;111
80112;111
80119;111
80121;112
80122;112
80131;112
80132;112
80211;112
80212;112
80221;112
80222;112
80231;112
80232;112
80241;112
80242;112
80251;112
80252;112
80261;112
80262;112
80270;112
80280;112
80290;112
80310;112
80390;112
80410;112
80420;112
80430;112
80440;112
80450;112
80510;112
80521;112
80522;112
80529;112
80540;112
80550;112
80590;112
80610;112
80620;112
80711;112
80719;112
80720;112
80810;112
80830;112
80840;112
80910;112
80921;112
80929;112
80930;112
80940;112
81010;112
81020;112
81030;112
81040;112
81050;112
81060;112
81070;112
81090;112
81110;112
81120;112
81190;112
81210;111
81290;111
81310;112
81320;112
81330;112
81340;112
81350;112
81400;111
90111;111
90112;111
90121;122
90122;122
90190;122
90210;112
90220;112
90230;112
90240;112
90300;112
90411;112
90412;112
90421;112
90422;112
90510;112
90520;112
90611;112
90619;112
90620;112
90710;112
90720;112
90811;112
90812;112
90821;112
90822;112
90831;112
90832;112
90921;112
90922;112
90931;112
90932;112
90961;112
90962;112
91011;112
91012;112
91020;112
91030;112
91091;112
91099;112
100111;111
100119;111
100191;111
100199;111
100210;111
100290;111
100310;111
100390;111
100410;21
100490;21
100510;21
100590;21
100610;111
100620;111
100630;122
100640;122
100710;111
100790;111
100810;111
100821;111
100829;111
100830;111
100840;111
100850;111
100860;111
100890;111
110100;121
110220;121
110290;121
110311;121
110313;121
110319;121
110320;121
110412;122
110419;122
110422;122
110423;122
110429;122
110430;122
110510;121
110520;121
110610;121
110620;121
110630;121
110710;121
110720;121
110811;22
110812;22
110813;22
110814;22
110819;22
110820;22
110900;121
120110;111
120190;111
120230;111
120241;111
120242;111
120300;111
120400;21
120510;111
120590;111
120600;111
120710;21
120721;111
120729;111
120730;21
120740;111
120750;111
120760;21
120770;21
120791;111
120799;21
120810;121
120890;121
120910;21
120921;21
120922;21
120923;21
120924;21
120925;21
120929;21
120930;21
120991;21
120999;21
121010;111
121020;111
121120;12
121130;21
121140;21
121150;21
121190;12
121221;21
121229;21
121291;111
121292;111
121293;111
121294;111
121299;111
121300;21
121410;21
121490;21
130120;21
130190;21
130211;21
130212;21
130213;21
130214;21
130219;21
130220;21
130231;22
130232;22
130239;22
140110;21
140120;21
140190;21
140420;21
140490;21
150110;22
150120;22
150190;22
150210;22
150290;22
150300;22
150410;22
150420;121
150430;121
150500;22
150600;22
150710;121
150790;122
150810;121
150890;122
150910;122
150990;122
151000;121
151110;121
151190;121
151211;121
151219;122
151221;121
151229;121
151311;121
151319;121
151321;121
151329;121
151411;121
151419;122
151491;121
151499;122
151511;22
151519;22
151521;121
151529;122
151530;22
151550;121
151590;22
151610;121
151620;121
151710;122
151790;122
151800;22
152000;22
152110;22
152190;22
152200;21
160100;122
160210;122
160220;122
160231;122
160232;122
160239;122
160241;122
160242;122
160249;122
160250;122
160290;122
160300;121
160411;122
160412;122
160413;122
160414;122
160415;122
160416;122
160417;122
160418;122
160419;122
160420;122
160431;122
160432;122
160510;122
160521;122
160529;122
160530;122
160540;122
160551;122
160552;122
160553;122
160554;122
160555;122
160556;122
160557;122
160558;122
160559;122
160561;122
160562;122
160563;122
160569;122
170112;121
170113;121
170114;121
170191;121
170199;122
170211;121
170219;121
170220;122
170230;121
170240;121
170250;121
170260;121
170290;121
170310;121
170390;121
170410;122
170490;122
180100;111
180200;21
180310;121
180320;121
180400;121
180500;121
180610;122
180620;121
180631;122
180632;122
180690;122
190110;122
190120;122
190190;121
190211;122
190219;122
190220;122
190230;122
190240;122
190300;121
190410;122
190420;122
190430;122
190490;122
190510;122
190520;122
190531;122
190532;122
190540;122
190590;122
200110;122
200190;122
200210;122
200290;122
200310;122
200390;122
200410;122
200490;122
200510;122
200520;122
200540;122
200551;122
200559;122
200560;122
200570;122
200580;122
200591;122
200599;122
200600;122
200710;122
200791;122
200799;122
200811;122
200819;122
200820;122
200830;122
200840;122
200850;122
200860;122
200870;122
200880;122
200891;122
200893;122
200897;122
200899;122
200911;122
200912;122
200919;122
200921;122
200929;122
200931;122
200939;122
200941;122
200949;122
200950;122
200961;122
200969;122
200971;122
200979;122
200981;122
200989;122
200990;122
210111;122
210112;122
210120;122
210130;122
210210;121
210220;121
210230;121
210310;122
210320;122
210330;122
210390;122
210410;122
210420;122
210500;122
210610;122
210690;122
220110;122
220190;122
220210;122
220291;122
220299;122
220300;122
220410;122
220421;122
220422;122
220429;122
220430;121
220510;122
220590;122
220600;122
220710;22
220720;22
220820;122
220830;122
220840;122
220850;122
220860;122
220870;122
220890;122
220900;122
230110;22
230120;22
230210;121
230230;121
230240;121
230250;121
230310;21
230320;21
230330;21
230400;22
230500;22
230610;22
230620;22
230630;22
230641;22
230649;22
230650;22
230660;22
230690;22
230700;121
230800;21
230910;63
230990;22
240110;21
240120;21
240130;21
240210;63
240220;63
240290;63
240311;63
240319;63
240391;63
240399;22
250100;21
250200;21
250300;21
250410;21
250490;21
250510;21
250590;21
250610;21
250620;21
250700;21
250810;21
250830;21
250840;21
250850;21
250860;21
250870;21
250900;21
251010;21
251020;21
251110;21
251120;21
251200;21
251310;21
251320;21
251400;21
251511;21
251512;21
251520;21
251611;21
251612;21
251620;21
251690;21
251710;21
251720;21
251730;21
251741;21
251749;21
251810;21
251820;21
251830;21
251910;21
251990;21
252010;21
252020;22
252100;21
252210;22
252220;22
252230;22
252310;22
252321;22
252329;22
252330;22
252390;22
252410;21
252490;21
252510;21
252520;21
252530;21
252610;21
252620;21
252800;21
252910;21
252921;21
252922;21
252930;21
253010;21
253020;21
253090;21
260111;21
260112;21
260120;21
260200;21
260300;21
260400;21
260500;21
260600;21
260700;21
260800;21
260900;21
261000;21
261100;21
261210;21
261220;21
261310;21
261390;21
261400;21
261510;21
261590;21
261610;21
261690;21
261710;21
261790;21
261800;21
261900;21
262011;21
262019;21
262021;21
262029;21
262030;21
262040;21
262060;21
262091;21
262099;21
262110;21
262190;21
270111;31
270112;31
270119;31
270120;322
270210;31
270220;322
270300;31
270400;322
270500;322
270600;22
270710;22
270720;22
270730;22
270740;22
270750;22
270791;22
270799;22
270810;22
270820;22
270900;31
271012;32
271019;32
271020;32
271091;21
271099;21
271111;322
271112;322
271113;322
271114;322
271119;322
271121;31
271129;31
271210;22
271220;22
271290;22
271311;22
271312;22
271320;22
271390;22
271410;21
271490;21
271500;22
271600;322
280110;22
280120;22
280130;22
280200;22
280300;22
280410;22
280421;22
280429;22
280430;22
280440;22
280450;22
280461;22
280469;22
280470;22
280480;22
280490;22
280511;22
280512;22
280519;22
280530;22
280540;22
280610;22
280620;22
280700;22
280800;22
280910;22
280920;22
281000;22
281111;22
281112;22
281119;22
281121;22
281122;22
281129;22
281211;22
281212;22
281213;22
281214;22
281215;22
281216;22
281217;22
281219;22
281290;22
281310;22
281390;22
281410;22
281420;22
281511;22
281512;22
281520;22
281530;22
281610;22
281640;22
281700;22
281810;22
281820;22
281830;22
281910;22
281990;22
282010;22
282090;22
282110;22
282120;22
282200;22
282300;22
282410;22
282490;22
282510;22
282520;22
282530;22
282540;22
282550;22
282560;22
282570;22
282580;22
282590;22
282612;22
282619;22
282630;22
282690;22
282710;22
282720;22
282731;22
282732;22
282735;22
282739;22
282741;22
282749;22
282751;22
282759;22
282760;22
282810;22
282890;22
282911;22
282919;22
282990;22
283010;22
283090;22
283110;22
283190;22
283210;22
283220;22
283230;22
283311;22
283319;22
283321;22
283322;22
283324;22
283325;22
283327;22
283329;22
283330;22
283340;22
283410;22
283421;22
283429;22
283510;22
283522;22
283524;22
283525;22
283526;22
283529;22
283531;22
283539;22
283620;22
283630;22
283640;22
283650;22
283660;22
283691;22
283692;22
283699;22
283711;22
283719;22
283720;22
283911;22
283919;22
283990;22
284011;22
284019;22
284020;22
284030;22
284130;22
284150;22
284161;22
284169;22
284170;22
284180;22
284190;22
284210;22
284290;22
284310;22
284321;22
284329;22
284330;22
284390;22
284410;22
284420;22
284430;22
284440;22
284450;21
284510;22
284590;22
284610;22
284690;22
284700;22
284910;22
284920;22
284990;22
285000;22
285210;22
285290;22
285310;22
285390;22
290110;22
290121;22
290122;22
290123;22
290124;22
290129;22
290211;22
290219;22
290220;22
290230;22
290241;22
290242;22
290243;22
290244;22
290250;22
290260;22
290270;22
290290;22
290311;22
290312;22
290313;22
290314;22
290315;22
290319;22
290321;22
290322;22
290323;22
290329;22
290331;22
290339;22
290371;22
290372;22
290373;22
290374;22
290375;22
290376;22
290377;22
290378;22
290379;22
290381;22
290382;22
290383;22
290389;22
290391;22
290392;22
290393;22
290394;22
290399;22
290410;22
290420;22
290431;22
290432;22
290433;22
290434;22
290435;22
290436;22
290491;22
290499;22
290511;22
290512;22
290513;22
290514;22
290516;22
290517;22
290519;22
290522;22
290529;22
290531;22
290532;22
290539;22
290541;22
290542;22
290543;22
290544;22
290545;22
290549;22
290551;22
290559;22
290611;22
290612;22
290613;22
290619;22
290621;22
290629;22
290711;22
290712;22
290713;22
290715;22
290719;22
290721;22
290722;22
290723;22
290729;22
290811;22
290819;22
290891;22
290892;22
290899;22
290911;22
290919;22
290920;22
290930;22
290941;22
290943;22
290944;22
290949;22
290950;22
290960;22
291010;22
291020;22
291030;22
291040;22
291050;22
291090;22
291100;22
291211;22
291212;22
291219;22
291221;22
291229;22
291241;22
291242;22
291249;22
291250;22
291260;22
291300;22
291411;22
291412;22
291413;22
291419;22
291422;22
291423;22
291429;22
291431;22
291439;22
291440;22
291450;22
291461;22
291462;22
291469;22
291471;22
291479;22
291511;22
291512;22
291513;22
291521;22
291524;22
291529;22
291531;22
291532;22
291533;22
291536;22
291539;22
291540;22
291550;22
291560;22
291570;22
291590;22
291611;22
291612;22
291613;22
291614;22
291615;22
291616;22
291619;22
291620;22
291631;22
291632;22
291634;22
291639;22
291711;22
291712;22
291713;22
291714;22
291719;22
291720;22
291732;22
291733;22
291734;22
291735;22
291736;22
291737;22
291739;22
291811;22
291812;22
291813;22
291814;22
291815;22
291816;22
291817;22
291818;22
291819;22
291821;22
291822;22
291823;22
291829;22
291830;22
291891;22
291899;22
291910;22
291990;22
292011;22
292019;22
292021;22
292022;22
292023;22
292024;22
292029;22
292030;22
292090;22
292111;22
292112;22
292113;22
292114;22
292119;22
292121;22
292122;22
292129;22
292130;22
292141;22
292142;22
292143;22
292144;22
292145;22
292146;22
292149;22
292151;22
292159;22
292211;22
292212;22
292214;22
292215;22
292216;22
292217;22
292218;22
292219;22
292221;22
292229;22
292231;22
292239;22
292241;22
292242;22
292243;22
292244;22
292249;22
292250;22
292310;22
292320;22
292330;22
292340;22
292390;22
292411;22
292412;22
292419;22
292421;22
292423;22
292424;22
292425;22
292429;22
292511;22
292512;22
292519;22
292521;22
292529;22
292610;22
292620;22
292630;22
292640;22
292690;22
292700;22
292800;22
292910;22
292990;22
293020;22
293030;22
293040;22
293060;22
293070;22
293080;22
293090;22
293110;22
293120;22
293131;22
293132;22
293133;22
293134;22
293135;22
293136;22
293137;22
293138;22
293139;22
293190;22
293211;22
293212;22
293213;22
293214;22
293219;22
293220;22
293291;22
293292;22
293293;22
293294;22
293295;22
293299;22
293311;22
293319;22
293321;22
293329;22
293331;22
293332;22
293333;22
293339;22
293341;22
293349;22
293352;22
293353;22
293354;22
293355;22
293359;22
293361;22
293369;22
293371;22
293372;22
293379;22
293391;22
293392;22
293399;22
293410;22
293420;22
293430;22
293491;22
293499;22
293510;22
293520;22
293530;22
293540;22
293550;22
293590;22
293621;22
293622;22
293623;22
293624;22
293625;22
293626;22
293627;22
293628;22
293629;22
293690;22
293711;22
293712;22
293719;22
293721;22
293722;22
293723;22
293729;22
293750;22
293790;22
293810;22
293890;22
293911;22
293919;22
293920;22
293930;22
293941;22
293942;22
293943;22
293944;22
293949;22
293951;22
293959;22
293961;22
293962;22
293963;22
293969;22
293971;22
293979;22
293980;22
294000;22
294110;22
294120;22
294130;22
294140;22
294150;22
294190;22
294200;22
300120;22
300190;22
300211;22
300212;22
300213;22
300214;22
300215;22
300219;22
300220;22
300230;22
300290;22
300310;22
300320;22
300331;22
300339;22
300341;22
300342;22
300343;22
300349;22
300360;22
300390;22
300410;63
300420;63
300431;63
300432;63
300439;63
300441;63
300442;63
300443;63
300449;63
300450;63
300460;63
300490;63
300510;22
300590;22
300610;22
300620;22
300630;22
300640;22
300650;22
300660;63
300670;22
300691;62
300692;21
310100;21
310210;22
310221;22
310229;22
310230;22
310240;22
310250;21
310260;22
310280;22
310290;22
310311;22
310319;22
310390;22
310420;22
310430;22
310490;22
310510;22
310520;22
310530;22
310540;22
310551;22
310559;22
310560;22
310590;22
320110;22
320120;22
320190;22
320210;22
320290;22
320300;22
320411;22
320412;22
320413;22
320414;22
320415;22
320416;22
320417;22
320419;22
320420;22
320490;22
320500;22
320611;22
320619;22
320620;22
320641;22
320642;22
320649;22
320650;22
320710;22
320720;22
320730;22
320740;22
320810;22
320820;22
320890;22
320910;22
320990;22
321000;22
321100;22
321210;22
321290;22
321310;63
321390;63
321410;22
321490;22
321511;22
321519;22
321590;22
330112;22
330113;22
330119;22
330124;22
330125;22
330129;22
330130;22
330190;22
330210;22
330290;22
330300;63
330410;63
330420;63
330430;63
330491;63
330499;63
330510;63
330520;63
330530;63
330590;63
330610;63
330620;63
330690;63
330710;63
330720;63
330730;63
330741;63
330749;63
330790;63
340111;63
340119;63
340120;63
340130;63
340211;22
340212;22
340213;22
340219;22
340220;63
340290;22
340311;322
340319;322
340391;322
340399;322
340420;22
340490;22
340510;63
340520;63
340530;63
340540;63
340590;63
340600;63
340700;22
350110;22
350190;22
350211;111
350219;111
350220;22
350290;22
350300;22
350400;22
350510;22
350520;22
350610;63
350691;22
350699;22
350710;121
350790;22
360100;22
360200;22
360300;22
360410;22
360490;22
360500;63
360610;63
360690;22
370110;22
370120;22
370130;22
370191;22
370199;22
370210;22
370231;22
370232;22
370239;22
370241;22
370242;22
370243;22
370244;22
370252;63
370253;63
370254;63
370255;22
370256;22
370296;63
370297;22
370298;22
370310;22
370320;22
370390;22
370400;22
370500;22
370610;22
370690;22
370710;22
370790;22
380110;22
380120;22
380130;22
380190;22
380210;22
380290;22
380300;22
380400;22
380510;22
380590;22
380610;22
380620;22
380630;22
380690;22
380700;22
380852;63
380859;63
380861;63
380862;63
380869;63
380891;63
380892;63
380893;63
380894;63
380899;63
380910;22
380991;22
380992;22
380993;22
381010;22
381090;22
381111;22
381119;22
381121;22
381129;22
381190;22
381210;22
381220;22
381231;22
381239;22
381300;22
381400;22
381511;22
381512;22
381519;22
381590;22
381600;22
381700;22
381800;22
381900;22
382000;22
382100;22
382200;22
382311;22
382312;22
382313;22
382319;22
382370;22
382410;22
382430;22
382440;22
382450;22
382460;22
382471;22
382472;22
382473;22
382474;22
382475;22
382476;22
382477;22
382478;22
382479;22
382481;22
382482;22
382483;22
382484;22
382485;22
382486;22
382487;22
382488;22
382491;22
382499;22
382510;21
382520;21
382530;21
382541;21
382549;21
382550;21
382561;21
382569;21
382590;21
382600;22
390110;22
390120;22
390130;22
390140;22
390190;22
390210;22
390220;22
390230;22
390290;22
390311;22
390319;22
390320;22
390330;22
390390;22
390410;22
390421;22
390422;22
390430;22
390440;22
390450;22
390461;22
390469;22
390490;22
390512;22
390519;22
390521;22
390529;22
390530;22
390591;22
390599;22
390610;22
390690;22
390710;22
390720;22
390730;22
390740;22
390750;22
390761;22
390769;22
390770;22
390791;22
390799;22
390810;22
390890;22
390910;22
390920;22
390931;22
390939;22
390940;22
390950;22
391000;22
391110;22
391190;22
391211;22
391212;22
391220;22
391231;22
391239;22
391290;22
391310;22
391390;22
391400;22
391510;21
391520;21
391530;21
391590;21
391610;22
391620;22
391690;22
391710;22
391721;22
391722;22
391723;22
391729;22
391731;22
391732;22
391733;22
391739;22
391740;22
391810;22
391890;22
391910;22
391990;22
392010;22
392020;22
392030;22
392043;22
392049;22
392051;22
392059;22
392061;22
392062;22
392063;22
392069;22
392071;22
392073;22
392079;22
392091;22
392092;22
392093;22
392094;22
392099;22
392111;22
392112;22
392113;22
392114;22
392119;22
392190;22
392210;22
392220;62
392290;22
392310;22
392321;22
392329;22
392330;22
392340;22
392350;22
392390;22
392410;62
392490;62
392510;22
392520;22
392530;62
392590;22
392610;22
392620;63
392630;22
392640;62
392690;62
400110;21
400121;21
400122;21
400129;21
400130;21
400211;22
400219;22
400220;22
400231;22
400239;22
400241;22
400249;22
400251;22
400259;22
400260;22
400270;22
400280;22
400291;22
400299;22
400300;21
400400;21
400510;22
400520;22
400591;22
400599;22
400610;22
400690;22
400700;22
400811;22
400819;22
400821;22
400829;22
400911;22
400912;22
400921;22
400922;22
400931;22
400932;22
400941;22
400942;22
401011;42
401012;42
401019;42
401031;42
401032;42
401033;42
401034;42
401035;42
401036;42
401039;42
401110;53
401120;53
401130;53
401140;53
401150;53
401170;53
401180;53
401190;53
401211;53
401212;53
401213;53
401219;53
401220;53
401290;53
401310;53
401320;53
401390;53
401410;63
401490;22
401511;22
401519;63
401590;63
401610;63
401691;63
401692;63
401693;22
401694;22
401695;63
401699;22
401700;22
410120;21
410150;21
410190;21
410210;21
410221;21
410229;21
410320;21
410330;21
410390;21
410411;22
410419;22
410441;22
410449;22
410510;22
410530;22
410621;22
410622;22
410631;22
410632;22
410640;22
410691;22
410692;22
410711;22
410712;22
410719;22
410791;22
410792;22
410799;22
411200;22
411310;22
411320;22
411330;22
411390;22
411410;22
411420;22
411510;22
411520;21
420100;62
420211;62
420212;62
420219;62
420221;62
420222;62
420229;62
420231;62
420232;62
420239;62
420291;62
420292;62
420299;62
420310;62
420321;62
420329;62
420330;62
420340;62
420500;42
420600;22
430110;21
430130;21
430160;21
430180;21
430190;21
430211;22
430219;22
430220;22
430230;22
430310;62
430390;62
430400;62
440111;31
440112;31
440121;21
440122;21
440131;21
440139;21
440140;21
440210;322
440290;322
440311;21
440312;21
440321;21
440322;21
440323;21
440324;21
440325;21
440326;21
440341;21
440349;21
440391;21
440393;21
440394;21
440395;21
440396;21
440397;21
440398;21
440399;21
440410;21
440420;21
440500;22
440611;22
440612;22
440691;22
440692;22
440711;22
440712;22
440719;22
440721;22
440722;22
440725;22
440726;22
440727;22
440728;22
440729;22
440791;22
440792;22
440793;22
440794;22
440795;22
440796;22
440797;22
440799;22
440810;22
440831;22
440839;22
440890;22
440910;22
440921;22
440922;22
440929;22
441011;22
441012;22
441019;22
441090;22
441112;22
441113;22
441114;22
441192;22
441193;22
441194;22
441210;22
441231;22
441233;22
441234;22
441239;22
441294;22
441299;22
441300;22
441400;62
441510;22
441520;22
441600;22
441700;22
441810;22
441820;22
441840;22
441850;22
441860;22
441873;22
441874;22
441875;22
441879;22
441891;22
441899;22
441911;62
441912;62
441919;62
441990;62
442010;62
442090;62
442110;62
442191;22
442199;22
450110;21
450190;21
450200;21
450310;22
450390;22
450410;22
450490;22
460121;62
460122;62
460129;62
460192;62
460193;62
460194;62
460199;62
460211;62
460212;62
460219;62
460290;62
470100;22
470200;22
470311;22
470319;22
470321;22
470329;22
470411;22
470419;22
470421;22
470429;22
470500;22
470610;22
470620;22
470630;22
470691;22
470692;22
470693;22
470710;21
470720;21
470730;21
470790;21
480100;22
480210;22
480220;22
480240;22
480254;22
480255;22
480256;22
480257;22
480258;22
480261;22
480262;22
480269;22
480300;22
480411;22
480419;22
480421;22
480429;22
480431;22
480439;22
480441;22
480442;22
480449;22
480451;22
480452;22
480459;22
480511;22
480512;22
480519;22
480524;22
480525;22
480530;22
480540;22
480550;22
480591;22
480592;22
480593;22
480610;22
480620;22
480630;22
480640;22
480700;22
480810;22
480840;22
480890;22
480920;22
480990;22
481013;22
481014;22
481019;22
481022;22
481029;22
481031;22
481032;22
481039;22
481092;22
481099;22
481110;22
481141;22
481149;22
481151;22
481159;22
481160;22
481190;22
481200;22
481310;63
481320;22
481390;22
481420;22
481490;22
481620;22
481690;22
481710;63
481720;63
481730;63
481810;63
481820;63
481830;63
481850;63
481890;63
481910;22
481920;22
481930;22
481940;22
481950;22
481960;22
482010;22
482020;63
482030;22
482040;22
482050;63
482090;22
482110;22
482190;22
482210;22
482290;22
482320;22
482340;22
482361;63
482369;63
482370;22
482390;22
490110;63
490191;63
490199;63
490210;63
490290;63
490300;63
490400;62
490510;62
490591;63
490599;63
490600;22
490700;22
490810;22
490890;63
490900;63
491000;63
491110;22
491191;63
491199;22
500100;21
500200;22
500300;21
500400;22
500500;22
500600;63
500710;22
500720;22
500790;22
510111;21
510119;21
510121;21
510129;21
510130;21
510211;21
510219;21
510220;21
510310;21
510320;21
510330;21
510400;21
510510;22
510521;22
510529;22
510531;22
510539;22
510540;22
510610;22
510620;22
510710;22
510720;22
510810;22
510820;22
510910;63
510990;63
511000;22
511111;22
511119;22
511120;22
511130;22
511190;22
511211;22
511219;22
511220;22
511230;22
511290;22
511300;22
520100;21
520210;21
520291;21
520299;21
520300;22
520411;22
520419;22
520420;63
520511;22
520512;22
520513;22
520514;22
520515;22
520521;22
520522;22
520523;22
520524;22
520526;22
520527;22
520528;22
520531;22
520532;22
520533;22
520534;22
520535;22
520541;22
520542;22
520543;22
520544;22
520546;22
520547;22
520548;22
520611;22
520612;22
520613;22
520614;22
520615;22
520621;22
520622;22
520623;22
520624;22
520625;22
520631;22
520632;22
520633;22
520634;22
520635;22
520641;22
520642;22
520643;22
520644;22
520645;22
520710;63
520790;63
520811;22
520812;22
520813;22
520819;22
520821;22
520822;22
520823;22
520829;22
520831;22
520832;22
520833;22
520839;22
520841;22
520842;22
520843;22
520849;22
520851;22
520852;22
520859;22
520911;22
520912;22
520919;22
520921;22
520922;22
520929;22
520931;22
520932;22
520939;22
520941;22
520942;22
520943;22
520949;22
520951;22
520952;22
520959;22
521011;22
521019;22
521021;22
521029;22
521031;22
521032;22
521039;22
521041;22
521049;22
521051;22
521059;22
521111;22
521112;22
521119;22
521120;22
521131;22
521132;22
521139;22
521141;22
521142;22
521143;22
521149;22
521151;22
521152;22
521159;22
521211;22
521212;22
521213;22
521214;22
521215;22
521221;22
521222;22
521223;22
521224;22
521225;22
530110;21
530121;22
530129;22
530130;21
530210;21
530290;21
530310;21
530390;21
530500;21
530610;22
530620;22
530710;22
530720;22
530810;22
530820;22
530890;22
530911;22
530919;22
530921;22
530929;22
531010;22
531090;22
531100;22
540110;22
540120;22
540211;22
540219;22
540220;22
540231;22
540232;22
540233;22
540234;22
540239;22
540244;22
540245;22
540246;22
540247;22
540248;22
540249;22
540251;22
540252;22
540253;22
540259;22
540261;22
540262;22
540263;22
540269;22
540310;22
540331;22
540332;22
540333;22
540339;22
540341;22
540342;22
540349;22
540411;22
540412;22
540419;22
540490;22
540500;22
540600;63
540710;22
540720;22
540730;22
540741;22
540742;22
540743;22
540744;22
540751;22
540752;22
540753;22
540754;22
540761;22
540769;22
540771;22
540772;22
540773;22
540774;22
540781;22
540782;22
540783;22
540784;22
540791;22
540792;22
540793;22
540794;22
540810;22
540821;22
540822;22
540823;22
540824;22
540831;22
540832;22
540833;22
540834;22
550110;22
550120;22
550130;22
550140;22
550190;22
550210;22
550290;22
550311;22
550319;22
550320;22
550330;22
550340;22
550390;22
550410;22
550490;22
550510;21
550520;21
550610;22
550620;22
550630;22
550640;22
550690;22
550700;22
550810;22
550820;22
550911;22
550912;22
550921;22
550922;22
550931;22
550932;22
550941;22
550942;22
550951;22
550952;22
550953;22
550959;22
550961;22
550962;22
550969;22
550991;22
550992;22
550999;22
551011;22
551012;22
551020;22
551030;22
551090;22
551110;63
551120;63
551130;63
551211;22
551219;22
551221;22
551229;22
551291;22
551299;22
551311;22
551312;22
551313;22
551319;22
551321;22
551323;22
551329;22
551331;22
551339;22
551341;22
551349;22
551411;22
551412;22
551419;22
551421;22
551422;22
551423;22
551429;22
551430;22
551441;22
551442;22
551443;22
551449;22
551511;22
551512;22
551513;22
551519;22
551521;22
551522;22
551529;22
551591;22
551599;22
551611;22
551612;22
551613;22
551614;22
551621;22
551622;22
551623;22
551624;22
551631;22
551632;22
551633;22
551634;22
551641;22
551642;22
551643;22
551644;22
551691;22
551692;22
551693;22
551694;22
560121;22
560122;22
560129;22
560130;22
560210;22
560221;22
560229;22
560290;22
560311;22
560312;22
560313;22
560314;22
560391;22
560392;22
560393;22
560394;22
560410;22
560490;22
560500;22
560600;22
560721;22
560729;22
560741;22
560749;22
560750;22
560790;22
560811;22
560819;22
560890;22
560900;22
570110;61
570190;61
570210;61
570220;61
570231;61
570232;61
570239;61
570241;61
570242;61
570249;61
570250;61
570291;61
570292;61
570299;61
570310;61
570320;61
570330;61
570390;61
570410;61
570420;61
570490;61
570500;61
580110;22
580121;22
580122;22
580123;22
580126;22
580127;22
580131;22
580132;22
580133;22
580136;22
580137;22
580190;22
580211;22
580219;22
580220;22
580230;22
580300;22
580410;22
580421;22
580429;22
580430;22
580500;62
580610;22
580620;22
580631;22
580632;22
580639;22
580640;22
580710;22
580790;22
580810;22
580890;22
580900;22
581010;22
581091;22
581092;22
581099;22
581100;22
590110;22
590190;22
590210;22
590220;22
590290;22
590310;22
590320;22
590390;22
590410;61
590490;61
590500;22
590610;22
590691;22
590699;22
590700;22
590800;22
590900;42
591000;42
591110;42
591120;42
591131;42
591132;42
591140;42
591190;42
600110;22
600121;22
600122;22
600129;22
600191;22
600192;22
600199;22
600240;22
600290;22
600310;22
600320;22
600330;22
600340;22
600390;22
600410;22
600490;22
600521;22
600522;22
600523;22
600524;22
600535;22
600536;22
600537;22
600538;22
600539;22
600541;22
600542;22
600543;22
600544;22
600590;22
600610;22
600621;22
600622;22
600623;22
600624;22
600631;22
600632;22
600633;22
600634;22
600641;22
600642;22
600643;22
600644;22
600690;22
610120;62
610130;62
610190;62
610210;62
610220;62
610230;62
610290;62
610310;62
610322;62
610323;62
610329;62
610331;62
610332;62
610333;62
610339;62
610341;62
610342;62
610343;62
610349;62
610413;62
610419;62
610422;62
610423;62
610429;62
610431;62
610432;62
610433;62
610439;62
610441;62
610442;62
610443;62
610444;62
610449;62
610451;62
610452;62
610453;62
610459;62
610461;62
610462;62
610463;62
610469;62
610510;62
610520;62
610590;62
610610;62
610620;62
610690;62
610711;63
610712;63
610719;63
610721;63
610722;63
610729;63
610791;63
610799;63
610811;63
610819;63
610821;63
610822;63
610829;63
610831;63
610832;63
610839;63
610891;63
610892;63
610899;63
610910;63
610990;63
611011;62
611012;62
611019;62
611020;62
611030;62
611090;62
611120;62
611130;62
611190;62
611211;62
611212;62
611219;62
611220;62
611231;62
611239;62
611241;62
611249;62
611300;62
611420;62
611430;62
611490;62
611510;63
611521;63
611522;63
611529;63
611530;63
611594;63
611595;63
611596;63
611599;63
611610;63
611691;63
611692;63
611693;63
611699;63
611710;62
611780;62
611790;63
620111;62
620112;62
620113;62
620119;62
620191;62
620192;62
620193;62
620199;62
620211;62
620212;62
620213;62
620219;62
620291;62
620292;62
620293;62
620299;62
620311;62
620312;62
620319;62
620322;62
620323;62
620329;62
620331;62
620332;62
620333;62
620339;62
620341;62
620342;62
620343;62
620349;62
620411;62
620412;62
620413;62
620419;62
620421;62
620422;62
620423;62
620429;62
620431;62
620432;62
620433;62
620439;62
620441;62
620442;62
620443;62
620444;62
620449;62
620451;62
620452;62
620453;62
620459;62
620461;62
620462;62
620463;62
620469;62
620520;62
620530;62
620590;62
620610;62
620620;62
620630;62
620640;62
620690;62
620711;63
620719;63
620721;63
620722;63
620729;63
620791;63
620799;63
620811;63
620819;63
620821;63
620822;63
620829;63
620891;63
620892;63
620899;63
620920;62
620930;62
620990;62
621010;62
621020;62
621030;62
621040;62
621050;62
621111;62
621112;62
621120;62
621132;62
621133;62
621139;62
621142;62
621143;62
621149;62
621210;63
621220;63
621230;63
621290;63
621320;63
621390;63
621410;63
621420;63
621430;63
621440;63
621490;63
621510;63
621520;63
621590;63
621600;63
621710;63
621790;63
630110;62
630120;62
630130;62
630140;62
630190;62
630210;62
630221;62
630222;62
630229;62
630231;62
630232;62
630239;62
630240;62
630251;62
630253;62
630259;62
630260;62
630291;62
630293;62
630299;62
630312;62
630319;62
630391;62
630392;62
630399;62
630411;62
630419;62
630420;62
630491;62
630492;62
630493;62
630499;62
630510;22
630520;22
630532;22
630533;22
630539;22
630590;22
630612;22
630619;22
630622;62
630629;62
630630;62
630640;62
630690;62
630710;62
630720;62
630790;62
630800;62
630900;21
631010;21
631090;21
640110;62
640192;62
640199;62
640212;62
640219;62
640220;62
640291;62
640299;62
640312;62
640319;62
640320;62
640340;62
640351;62
640359;62
640391;62
640399;62
640411;62
640419;62
640420;62
640510;62
640520;62
640590;62
640610;62
640620;62
640690;62
650100;22
650200;22
650400;62
650500;62
650610;62
650691;62
650699;62
650700;22
660110;62
660191;62
660199;62
660200;62
660320;22
660390;22
670100;22
670210;22
670290;22
670300;22
670411;62
670419;62
670420;62
670490;62
680100;22
680210;22
680221;22
680223;22
680229;22
680291;22
680292;22
680293;22
680299;22
680300;22
680410;22
680421;22
680422;22
680423;22
680430;63
680510;22
680520;22
680530;22
680610;22
680620;22
680690;22
680710;22
680790;22
680800;22
680911;22
680919;22
680990;22
681011;22
681019;22
681091;22
681099;22
681140;22
681181;22
681182;22
681189;22
681280;22
681291;22
681292;22
681293;22
681299;22
681320;22
681381;22
681389;22
681410;22
681490;22
681510;22
681520;22
681591;22
681599;22
690100;22
690210;22
690220;22
690290;22
690310;22
690320;22
690390;22
690410;22
690490;22
690510;22
690590;22
690600;22
690721;22
690722;22
690723;22
690730;22
690740;22
690911;22
690912;22
690919;22
690990;22
691010;22
691090;22
691110;62
691190;62
691200;62
691310;62
691390;62
691410;22
691490;22
700100;21
700210;22
700220;22
700231;22
700232;22
700239;22
700312;22
700319;22
700320;22
700330;22
700420;22
700490;22
700510;22
700521;22
700529;22
700530;22
700600;22
700711;22
700719;22
700721;22
700729;22
700800;22
700910;22
700991;22
700992;22
701010;22
701020;22
701090;22
701110;22
701120;22
701190;22
701310;62
701322;62
701328;62
701333;62
701337;62
701341;62
701342;62
701349;62
701391;62
701399;62
701400;22
701510;22
701590;22
701610;22
701690;22
701710;22
701720;22
701790;22
701810;22
701820;22
701890;22
701911;22
701912;22
701919;22
701931;22
701932;22
701939;22
701940;22
701951;22
701952;22
701959;22
701990;22
702000;22
710110;21
710121;21
710122;22
710210;21
710221;21
710229;22
710231;21
710239;22
710310;21
710391;22
710399;22
710410;22
710420;22
710490;22
710510;21
710590;21
710610;22
710691;22
710692;22
710700;22
710811;22
710812;22
710813;22
710900;22
711011;22
711019;22
711021;22
711029;22
711031;22
711039;22
711041;22
711049;22
711100;22
711230;21
711291;21
711292;21
711299;21
711311;61
711319;61
711320;61
711411;61
711419;61
711420;61
711510;41
711590;41
711610;61
711620;61
711711;62
711719;62
711790;62
711810;7
720110;22
720120;22
720150;22
720211;22
720219;22
720221;22
720229;22
720230;22
720241;22
720249;22
720250;22
720260;22
720270;22
720280;22
720291;22
720292;22
720293;22
720299;22
720310;22
720390;22
720410;21
720421;21
720429;21
720430;21
720441;21
720449;21
720450;21
720510;22
720521;22
720529;22
720610;22
720690;22
720711;22
720712;22
720719;22
720720;22
720810;22
720825;22
720826;22
720827;22
720836;22
720837;22
720838;22
720839;22
720840;22
720851;22
720852;22
720853;22
720854;22
720890;22
720915;22
720916;22
720917;22
720918;22
720925;22
720926;22
720927;22
720928;22
720990;22
721011;22
721012;22
721020;22
721030;22
721041;22
721049;22
721050;22
721061;22
721069;22
721070;22
721090;22
721113;22
721114;22
721119;22
721123;22
721129;22
721190;22
721210;22
721220;22
721230;22
721240;22
721250;22
721260;22
721310;22
721320;22
721391;22
721399;22
721410;22
721420;22
721430;22
721491;22
721499;22
721510;22
721550;22
721590;22
721610;22
721621;22
721622;22
721631;22
721632;22
721633;22
721640;22
721650;22
721661;22
721669;22
721691;22
721699;22
721710;22
721720;22
721730;22
721790;22
721810;22
721891;22
721899;22
721911;22
721912;22
721913;22
721914;22
721921;22
721922;22
721923;22
721924;22
721931;22
721932;22
721933;22
721934;22
721935;22
721990;22
722011;22
722012;22
722020;22
722090;22
722100;22
722211;22
722219;22
722220;22
722230;22
722240;22
722300;22
722410;22
722490;22
722511;22
722519;22
722530;22
722540;22
722550;22
722591;22
722592;22
722599;22
722611;22
722619;22
722620;22
722691;22
722692;22
722699;22
722710;22
722720;22
722790;22
722810;22
722820;22
722830;22
722840;22
722850;22
722860;22
722870;22
722880;22
722920;22
722990;22
730110;22
730120;22
730210;22
730230;22
730240;22
730290;22
730300;22
730411;22
730419;22
730422;22
730423;22
730424;22
730429;22
730431;22
730439;22
730441;22
730449;22
730451;22
730459;22
730490;22
730511;22
730512;22
730519;22
730520;22
730531;22
730539;22
730590;22
730611;22
730619;22
730621;22
730629;22
730630;22
730640;22
730650;22
730661;22
730669;22
730690;22
730711;22
730719;22
730721;22
730722;22
730723;22
730729;22
730791;22
730792;22
730793;22
730799;22
730810;22
730820;22
730830;22
730840;22
730890;22
730900;41
731010;41
731021;41
731029;41
731100;41
731210;22
731290;22
731300;22
731412;22
731414;22
731419;22
731420;22
731431;22
731439;22
731441;22
731442;22
731449;22
731450;22
731511;22
731512;22
731519;22
731520;22
731581;22
731582;22
731589;22
731590;22
731600;53
731700;22
731811;22
731812;22
731813;22
731814;22
731815;22
731816;22
731819;22
731821;22
731822;22
731823;22
731824;22
731829;22
731940;63
731990;63
732010;22
732020;22
732090;22
732111;61
732112;61
732119;61
732181;61
732182;61
732189;61
732190;22
732211;41
732219;41
732290;41
732310;62
732391;62
732392;62
732393;62
732394;62
732399;62
732410;22
732421;22
732429;22
732490;22
732510;22
732591;22
732599;22
732611;22
732619;22
732620;22
732690;22
740100;22
740200;22
740311;22
740312;22
740313;22
740319;22
740321;22
740322;22
740329;22
740400;21
740500;22
740610;22
740620;22
740710;22
740721;22
740729;22
740811;22
740819;22
740821;22
740822;22
740829;22
740911;22
740919;22
740921;22
740929;22
740931;22
740939;22
740940;22
740990;22
741011;22
741012;22
741021;22
741022;22
741110;22
741121;22
741122;22
741129;22
741210;22
741220;22
741300;22
741510;22
741521;22
741529;22
741533;22
741539;22
741810;62
741820;22
741910;22
741991;22
741999;22
750110;22
750120;22
750210;22
750220;22
750300;21
750400;22
750511;22
750512;22
750521;22
750522;22
750610;22
750620;22
750711;22
750712;22
750720;22
750810;22
750890;22
760110;22
760120;22
760200;21
760310;22
760320;22
760410;22
760421;22
760429;22
760511;22
760519;22
760521;22
760529;22
760611;22
760612;22
760691;22
760692;22
760711;22
760719;22
760720;22
760810;22
760820;22
760900;22
761010;22
761090;22
761100;41
761210;41
761290;41
761300;41
761410;22
761490;22
761510;62
761520;22
761610;22
761691;22
761699;22
780110;22
780191;22
780199;22
780200;21
780411;22
780419;22
780420;22
780600;22
790111;22
790112;22
790120;22
790200;21
790310;22
790390;22
790400;22
790500;22
790700;22
800110;22
800120;22
800200;21
800300;22
800700;22
810110;22
810194;22
810196;22
810197;21
810199;22
810210;22
810294;22
810295;22
810296;22
810297;21
810299;22
810320;22
810330;21
810390;22
810411;22
810419;22
810420;21
810430;22
810490;22
810520;22
810530;21
810590;22
810600;22
810720;22
810730;21
810790;22
810820;22
810830;21
810890;22
810920;22
810930;21
810990;22
811010;22
811020;21
811090;22
811100;22
811212;22
811213;21
811219;22
811221;22
811222;21
811229;22
811251;22
811252;21
811259;22
811292;22
811299;22
811300;22
820110;41
820130;41
820140;41
820150;41
820160;41
820190;41
820210;41
820220;42
820231;42
820239;42
820240;42
820291;42
820299;42
820310;41
820320;41
820330;41
820340;41
820411;41
820412;41
820420;41
820510;41
820520;41
820530;41
820540;41
820551;62
820559;41
820560;41
820570;41
820590;41
820600;41
820713;42
820719;42
820720;42
820730;42
820740;42
820750;42
820760;42
820770;42
820780;42
820790;42
820810;42
820820;42
820830;42
820840;42
820890;42
820900;42
821000;61
821110;62
821191;62
821192;62
821193;62
821194;42
821195;42
821210;63
821220;63
821290;63
821300;62
821410;62
821420;62
821490;62
821510;62
821520;62
821591;62
821599;62
830110;22
830120;22
830130;22
830140;22
830150;22
830160;22
830170;22
830210;22
830220;22
830230;53
830241;22
830242;22
830249;22
830250;22
830260;22
830300;41
830400;41
830510;22
830520;22
830590;22
830610;22
830621;62
830629;62
830630;62
830710;22
830790;22
830810;22
830820;22
830890;22
830910;22
830990;22
831000;22
831110;22
831120;22
831130;22
831190;22
840110;41
840120;41
840130;41
840140;42
840211;41
840212;41
840219;41
840220;41
840290;42
840310;41
840390;42
840410;41
840420;41
840490;42
840510;41
840590;42
840610;41
840681;41
840682;41
840690;42
840710;53
840721;522
840729;53
840731;53
840732;53
840733;53
840734;53
840790;41
840810;53
840820;53
840890;41
840910;53
840991;53
840999;53
841011;41
841012;41
841013;41
841090;42
841111;53
841112;53
841121;53
841122;53
841181;53
841182;53
841191;53
841199;53
841210;53
841221;41
841229;41
841231;41
841239;41
841280;41
841290;42
841311;41
841319;41
841320;41
841330;41
841340;41
841350;41
841360;41
841370;41
841381;41
841382;41
841391;42
841392;42
841410;41
841420;41
841430;41
841440;41
841451;61
841459;41
841460;61
841480;41
841490;42
841510;61
841520;53
841581;41
841582;41
841583;41
841590;42
841610;41
841620;41
841630;41
841690;42
841710;41
841720;41
841780;41
841790;42
841810;61
841821;61
841829;61
841830;61
841840;61
841850;41
841861;41
841869;41
841891;42
841899;42
841911;41
841919;41
841920;41
841931;41
841932;41
841939;41
841940;41
841950;41
841960;41
841981;41
841989;41
841990;42
842010;41
842091;42
842099;42
842111;41
842112;41
842119;41
842121;41
842122;41
842123;41
842129;41
842131;41
842139;41
842191;42
842199;42
842211;61
842219;41
842220;41
842230;41
842240;41
842290;42
842310;62
842320;41
842330;41
842381;41
842382;41
842389;41
842390;42
842410;41
842420;41
842430;41
842441;41
842449;41
842482;41
842489;41
842490;42
842511;41
842519;41
842531;41
842539;41
842541;41
842542;41
842549;41
842611;41
842612;41
842619;41
842620;41
842630;41
842641;41
842649;41
842691;41
842699;41
842710;41
842720;41
842790;41
842810;41
842820;41
842831;41
842832;41
842833;41
842839;41
842840;41
842860;41
842890;41
842911;41
842919;41
842920;41
842930;41
842940;41
842951;41
842952;41
842959;41
843010;41
843020;41
843031;41
843039;41
843041;41
843049;41
843050;41
843061;41
843069;41
843110;42
843120;42
843131;42
843139;42
843141;42
843142;42
843143;42
843149;42
843210;41
843221;41
843229;41
843231;41
843239;41
843241;41
843242;41
843280;41
843290;42
843311;61
843319;61
843320;41
843330;41
843340;41
843351;41
843352;41
843353;41
843359;41
843360;41
843390;42
843410;41
843420;41
843490;42
843510;41
843590;42
843610;41
843621;41
843629;41
843680;41
843691;42
843699;42
843710;41
843780;41
843790;42
843810;41
843820;41
843830;41
843840;41
843850;41
843860;41
843880;41
843890;42
843910;41
843920;41
843930;41
843991;42
843999;42
844010;41
844090;42
844110;41
844120;41
844130;41
844140;41
844180;41
844190;42
844230;41
844240;42
844250;42
844311;41
844312;41
844313;41
844314;41
844315;41
844316;41
844317;41
844319;41
844331;41
844332;41
844339;41
844391;41
844399;41
844400;41
844511;41
844512;41
844513;41
844519;41
844520;41
844530;41
844540;41
844590;41
844610;41
844621;41
844629;41
844630;41
844711;41
844712;41
844720;41
844790;41
844811;42
844819;42
844820;42
844831;42
844832;42
844833;42
844839;42
844842;42
844849;42
844851;42
844859;42
844900;41
845011;61
845012;61
845019;61
845020;41
845090;42
845110;41
845121;61
845129;41
845130;41
845140;41
845150;41
845180;41
845190;42
845210;61
845221;41
845229;41
845230;42
845290;42
845310;41
845320;41
845380;41
845390;42
845410;41
845420;41
845430;41
845490;42
845510;41
845521;41
845522;41
845530;42
845590;42
845611;41
845612;41
845620;41
845630;41
845640;41
845650;41
845690;41
845710;41
845720;41
845730;41
845811;41
845819;41
845891;41
845899;41
845910;41
845921;41
845929;41
845931;41
845939;41
845941;41
845949;41
845951;41
845959;41
845961;41
845969;41
845970;41
846012;41
846019;41
846022;41
846023;41
846024;41
846029;41
846031;41
846039;41
846040;41
846090;41
846120;41
846130;41
846140;41
846150;41
846190;41
846210;41
846221;41
846229;41
846231;41
846239;41
846241;41
846249;41
846291;41
846299;41
846310;41
846320;41
846330;41
846390;41
846410;41
846420;41
846490;41
846510;41
846520;41
846591;41
846592;41
846593;41
846594;41
846595;41
846596;41
846599;41
846610;42
846620;42
846630;42
846691;42
846692;42
846693;42
846694;42
846711;41
846719;41
846721;41
846722;41
846729;41
846781;41
846789;41
846791;42
846792;42
846799;42
846810;41
846820;41
846880;41
846890;42
847010;62
847021;41
847029;41
847030;41
847050;41
847090;41
847130;41
847141;41
847149;41
847150;41
847160;41
847170;41
847180;41
847190;41
847210;41
847230;41
847290;41
847321;42
847329;42
847330;42
847340;42
847350;42
847410;41
847420;41
847431;41
847432;41
847439;41
847480;41
847490;42
847510;41
847521;41
847529;41
847590;42
847621;41
847629;41
847681;41
847689;41
847690;42
847710;41
847720;41
847730;41
847740;41
847751;41
847759;41
847780;41
847790;42
847810;41
847890;42
847910;41
847920;41
847930;41
847940;41
847950;41
847960;41
847971;41
847979;41
847981;41
847982;41
847989;41
847990;42
848010;41
848020;41
848030;41
848041;41
848049;41
848050;41
848060;41
848071;41
848079;41
848110;42
848120;42
848130;42
848140;42
848180;42
848190;42
848210;42
848220;42
848230;42
848240;42
848250;42
848280;42
848291;42
848299;42
848310;42
848320;42
848330;42
848340;42
848350;42
848360;42
848390;42
848410;42
848420;42
848490;42
848610;41
848620;41
848630;41
848640;41
848690;42
848710;42
848790;42
850110;41
850120;41
850131;41
850132;41
850133;41
850134;41
850140;41
850151;41
850152;41
850153;41
850161;41
850162;41
850163;41
850164;41
850211;41
850212;41
850213;41
850220;41
850231;41
850239;41
850240;41
850300;42
850410;41
850421;41
850422;41
850423;41
850431;41
850432;41
850433;41
850434;41
850440;41
850450;41
850490;42
850511;41
850519;41
850520;41
850590;41
850610;63
850630;63
850640;63
850650;63
850660;63
850680;63
850690;22
850710;53
850720;53
850730;53
850740;53
850750;53
850760;53
850780;53
850790;22
850811;61
850819;41
850860;41
850870;22
850940;61
850980;61
850990;22
851010;61
851020;61
851030;61
851090;22
851110;53
851120;53
851130;53
851140;53
851150;53
851180;53
851190;53
851210;53
851220;53
851230;53
851240;53
851290;22
851310;22
851390;22
851410;41
851420;41
851430;41
851440;41
851490;42
851511;41
851519;41
851521;41
851529;41
851531;41
851539;41
851580;41
851590;42
851610;22
851621;61
851629;61
851631;61
851632;61
851633;41
851640;61
851650;61
851660;61
851671;61
851672;61
851679;61
851680;22
851690;22
851711;62
851712;41
851718;41
851761;41
851762;41
851769;41
851770;42
851810;41
851821;41
851822;41
851829;41
851830;41
851840;41
851850;41
851890;42
851920;41
851930;61
851950;62
851981;41
851989;41
852110;41
852190;41
852210;42
852290;42
852321;42
852329;42
852341;42
852349;42
852351;42
852352;41
852359;41
852380;42
852550;41
852560;41
852580;41
852610;41
852691;41
852692;41
852712;61
852713;61
852719;61
852721;53
852729;53
852791;41
852792;41
852799;41
852842;41
852849;41
852852;41
852859;41
852862;41
852869;61
852871;41
852872;61
852873;41
852910;42
852990;42
853010;41
853080;41
853090;42
853110;41
853120;41
853180;41
853190;42
853210;41
853221;41
853222;41
853223;41
853224;41
853225;41
853229;41
853230;41
853290;42
853310;42
853321;42
853329;42
853331;42
853339;42
853340;42
853390;42
853400;42
853510;42
853521;42
853529;42
853530;42
853540;42
853590;42
853610;42
853620;42
853630;42
853641;42
853649;42
853650;42
853661;42
853669;42
853670;22
853690;42
853710;42
853720;42
853810;42
853890;42
853910;53
853921;63
853922;63
853929;42
853931;42
853932;42
853939;42
853941;42
853949;42
853950;41
853990;22
854011;42
854012;42
854020;42
854040;42
854060;42
854071;42
854079;42
854081;42
854089;42
854091;42
854099;42
854110;42
854121;42
854129;42
854130;42
854140;42
854150;42
854160;42
854190;42
854231;22
854232;22
854233;22
854239;22
854290;42
854310;41
854320;41
854330;41
854370;41
854390;42
854411;22
854419;22
854420;22
854430;53
854442;22
854449;22
854460;22
854470;22
854511;42
854519;42
854520;42
854590;42
854610;42
854620;42
854690;42
854710;22
854720;22
854790;22
854810;21
854890;42
860110;521
860120;521
860210;521
860290;521
860310;521
860390;521
860400;521
860500;521
860610;521
860630;521
860691;521
860692;521
860699;521
860711;53
860712;53
860719;53
860721;53
860729;53
860730;53
860791;53
860799;53
860800;41
860900;521
870110;41
870120;521
870130;41
870191;41
870192;41
870193;41
870194;41
870195;41
870210;521
870220;521
870230;521
870240;521
870290;521
870310;522
870321;51
870322;51
870323;51
870324;51
870331;51
870332;51
870333;51
870340;51
870350;51
870360;51
870370;51
870380;51
870390;51
870410;521
870421;521
870422;521
870423;521
870431;521
870432;521
870490;521
870510;521
870520;521
870530;521
870540;521
870590;521
870600;53
870710;53
870790;53
870810;53
870821;53
870829;53
870830;53
870840;53
870850;53
870870;53
870880;53
870891;53
870892;53
870893;53
870894;53
870895;53
870899;53
870911;41
870919;41
870990;42
871000;7
871110;522
871120;522
871130;522
871140;522
871150;522
871160;522
871190;522
871200;522
871310;522
871390;522
871410;53
871420;53
871491;53
871492;53
871493;53
871494;53
871495;53
871496;53
871499;53
871500;61
871610;522
871620;521
871631;521
871639;521
871640;521
871680;521
871690;53
880100;521
880211;521
880212;521
880220;522
880230;521
880240;521
880260;521
880310;53
880320;53
880330;53
880390;53
880400;7
880510;7
880521;7
880529;7
890110;521
890120;521
890130;521
890190;521
890200;521
890310;522
890391;522
890392;522
890399;522
890400;521
890510;41
890520;41
890590;41
890610;7
890690;7
890710;522
890790;41
890800;21
900110;22
900120;22
900130;63
900140;22
900150;22
900190;22
900211;22
900219;22
900220;22
900290;22
900311;22
900319;22
900390;22
900410;62
900490;62
900510;61
900580;41
900590;42
900630;41
900640;41
900651;61
900652;41
900653;41
900659;41
900661;42
900669;42
900691;22
900699;22
900710;41
900720;41
900791;42
900792;42
900850;41
900890;42
901010;41
901050;41
901060;41
901090;42
901110;41
901120;41
901180;41
901190;42
901210;41
901290;42
901310;41
901320;41
901380;41
901390;42
901410;41
901420;41
901480;41
901490;42
901510;41
901520;41
901530;41
901540;41
901580;41
901590;42
901600;41
901710;41
901720;41
901730;41
901780;41
901790;42
901811;41
901812;41
901813;41
901814;41
901819;41
901820;41
901831;22
901832;22
901839;22
901841;41
901849;41
901850;41
901890;41
901910;41
901920;41
902000;41
902110;62
902121;61
902129;61
902131;61
902139;61
902140;61
902150;61
902190;61
902212;41
902213;41
902214;41
902219;41
902221;41
902229;41
902230;42
902290;42
902300;41
902410;41
902480;41
902490;42
902511;41
902519;41
902580;41
902590;42
902610;41
902620;41
902680;41
902690;42
902710;41
902720;41
902730;41
902750;41
902780;41
902790;41
902810;41
902820;41
902830;41
902890;42
902910;41
902920;41
902990;42
903010;41
903020;41
903031;41
903032;41
903033;41
903039;41
903040;41
903082;41
903084;41
903089;41
903090;42
903110;41
903120;41
903141;41
903149;41
903180;41
903190;42
903210;41
903220;41
903281;41
903289;41
903290;42
903300;42
910111;61
910119;61
910121;61
910129;61
910191;61
910199;61
910211;61
910212;61
910219;61
910221;61
910229;61
910291;61
910299;61
910310;61
910390;61
910400;53
910511;61
910519;61
910521;61
910529;61
910591;61
910599;61
910610;41
910690;41
910700;41
910811;22
910812;22
910819;22
910820;22
910890;22
910910;22
910990;22
911011;22
911012;22
911019;22
911090;22
911110;22
911120;22
911180;22
911190;22
911220;22
911290;22
911310;62
911320;62
911390;62
911410;22
911430;22
911440;22
911490;22
920110;61
920120;61
920190;61
920210;61
920290;61
920510;61
920590;61
920600;61
920710;61
920790;61
920810;61
920890;61
920930;22
920991;22
920992;22
920994;22
920999;22
930110;7
930120;7
930190;7
930200;7
930310;61
930320;61
930330;61
930390;41
930400;61
930510;7
930520;22
930591;7
930599;7
930621;22
930629;22
930630;42
930690;7
930700;7
940110;53
940120;53
940130;41
940140;61
940152;62
940153;62
940159;62
940161;61
940169;61
940171;61
940179;61
940180;41
940190;22
940210;41
940290;41
940310;41
940320;41
940330;41
940340;61
940350;61
940360;61
940370;61
940382;22
940383;22
940389;22
940390;61
940410;62
940421;62
940429;62
940430;62
940490;62
940510;22
940520;62
940530;63
940540;22
940550;22
940560;22
940591;22
940592;22
940599;22
940610;22
940690;22
950300;22
950420;62
950430;41
950440;63
950450;41
950490;41
950510;63
950590;63
950611;62
950612;62
950619;62
950621;62
950629;62
950631;62
950632;63
950639;62
950640;62
950651;62
950659;62
950661;63
950662;62
950669;62
950670;62
950691;62
950699;62
950710;62
950720;63
950730;62
950790;62
950810;41
950890;41
960110;62
960190;62
960200;62
960310;22
960321;63
960329;63
960330;63
960340;22
960350;22
960390;22
960400;22
960500;62
960610;22
960621;22
960622;22
960629;22
960630;22
960711;22
960719;22
960720;22
960810;63
960820;63
960830;63
960840;63
960850;63
960860;22
960891;22
960899;22
960910;63
960920;63
960990;63
961000;62
961100;22
961210;22
961220;22
961310;63
961320;62
961380;62
961390;22
961400;62
961511;62
961519;62
961590;62
961610;62
961620;63
961700;62
961800;41
961900;62
962000;22
970110;62
970190;63
970200;61
970300;61
970400;61
970500;61
970600;61
999999;7
